Timestamp,Tensión (V),Corriente (A),Potencia (W),Frecuencia (Hz),Factor Potencia,Potencia Aparente (VA),Potencia Reactiva (VAR),RSSI
2025-11-16T21:20:48.996Z,114.4,0.77,87.9,60,1,88.1,5.8,-20
2025-11-16T21:20:49.234Z,114.4,0.77,87.9,60,1,88.1,5.8,-20
2025-11-16T21:20:49.506Z,114.4,0.77,87.9,60,1,88.1,5.8,-19
2025-11-16T21:20:49.810Z,114.4,0.77,87.9,60,1,88.1,5.8,-19
2025-11-16T21:20:49.957Z,114.4,0.77,87.9,60,1,88.1,5.8,-19
2025-11-16T21:20:50.195Z,114.5,0.77,88,60,1,88.2,5.4,-19
2025-11-16T21:20:50.439Z,114.5,0.77,88,60,1,88.2,5.4,-19
2025-11-16T21:20:50.712Z,114.5,0.77,88,60,1,88.2,5.4,-20
2025-11-16T21:20:50.926Z,114.5,0.77,88,60,1,88.2,5.4,-20
2025-11-16T21:20:51.157Z,114.5,0.77,88,60,1,88.2,5.4,-19
2025-11-16T21:20:51.399Z,116.4,0.78,90.3,60,1,90.8,9.4,-19
2025-11-16T21:20:51.654Z,116.4,0.78,90.3,60,1,90.8,9.4,-18
2025-11-16T21:20:51.878Z,116.4,0.78,90.3,59.9,1,90.8,9.4,-19
2025-11-16T21:20:52.126Z,116.4,0.78,90.3,60,1,90.8,9.4,-19
2025-11-16T21:20:52.364Z,116.4,0.78,90.3,60,1,90.8,9.4,-19
2025-11-16T21:20:52.609Z,116.4,0.78,90.3,60,1,90.8,9.4,-19
2025-11-16T21:20:52.844Z,116.8,0.78,90.7,60,1,91.1,8.6,-19
2025-11-16T21:20:53.194Z,116.8,0.78,90.7,60,1,91.1,8.6,-19
2025-11-16T21:20:53.496Z,116.8,0.78,90.7,60,1,91.1,8.6,-19
2025-11-16T21:20:53.574Z,116.8,0.78,90.7,60,1,91.1,8.6,-19
2025-11-16T21:20:53.826Z,116.8,0.78,90.7,60,1,91.1,8.6,-19
2025-11-16T21:20:54.068Z,116.8,0.78,90.8,60,1,91.1,7.4,-19
2025-11-16T21:20:54.419Z,116.8,0.78,90.8,60,1,91.1,7.4,-19
2025-11-16T21:20:54.543Z,116.8,0.78,90.8,60,1,91.1,7.4,-19
2025-11-16T21:20:54.777Z,116.8,0.78,90.8,60,1,91.1,7.4,-19
2025-11-16T21:20:55.037Z,116.8,0.78,90.8,60,1,91.1,7.4,-19
2025-11-16T21:21:06.806Z,116.8,0.78,90.8,59.9,1,91.1,7.4,-19
2025-11-16T21:21:07.044Z,116.8,0.78,90.8,59.9,1,91.1,7.4,-19
2025-11-16T21:21:07.285Z,116.8,0.78,90.8,60,1,91.1,7.4,-19
2025-11-16T21:21:07.627Z,116.8,0.78,90.8,60,1,91.1,7.4,-19
2025-11-16T21:21:07.936Z,116.8,0.78,90.8,60,1,91.1,7.4,-19
2025-11-16T21:21:08.243Z,116.8,0.78,90.7,60,1,91.1,8.6,-19
2025-11-16T21:21:08.288Z,116.8,0.78,90.7,60,1,91.1,8.6,-19
2025-11-16T21:21:08.550Z,116.8,0.78,90.7,60,1,91.1,8.6,-19
2025-11-16T21:21:08.725Z,116.8,0.78,90.7,60,1,91.1,8.6,-19
2025-11-16T21:21:08.968Z,116.8,0.78,90.7,60,1,91.1,8.6,-19
2025-11-16T21:21:09.210Z,116.8,0.78,90.7,60,1,91.1,8.6,-19
2025-11-16T21:21:09.469Z,117,0.78,91,60,1,91.3,6.9,-19
2025-11-16T21:21:09.783Z,117,0.78,91,60,1,91.3,6.9,-20
2025-11-16T21:21:10.087Z,117,0.78,91,59.9,1,91.3,6.9,-20
2025-11-16T21:21:10.396Z,117,0.78,91,59.9,1,91.3,6.9,-19
2025-11-16T21:21:10.440Z,117,0.78,91,59.9,1,91.3,6.9,-19
2025-11-16T21:21:10.653Z,116.4,0.78,90.3,59.9,1,90.8,9.4,-19
2025-11-16T21:21:10.897Z,116.4,0.78,90.3,59.9,1,90.8,9.4,-19
2025-11-16T21:21:11.134Z,116.4,0.78,90.3,59.9,1,90.8,9.4,-19
2025-11-16T21:21:11.388Z,116.4,0.78,90.3,59.9,1,90.8,9.4,-19
2025-11-16T21:21:11.617Z,116.4,0.78,90.3,59.9,1,90.8,9.4,-19
2025-11-16T21:21:11.857Z,116.4,0.78,90.3,59.9,1,90.8,9.4,-19
2025-11-16T21:21:14.743Z,116.6,0.78,90.6,60,1,90.9,7.9,-19
2025-11-16T21:21:14.981Z,116.6,0.78,90.6,60,1,90.9,7.9,-18
2025-11-16T21:21:15.224Z,116.6,0.78,90.6,60,1,90.9,7.9,-19
2025-11-16T21:21:15.469Z,116.6,0.78,90.6,60,1,90.9,7.9,-19
2025-11-16T21:21:15.707Z,116.6,0.78,90.6,60,1,90.9,7.9,-18
2025-11-16T21:21:15.946Z,116.4,0.78,90.3,60,1,90.8,9.4,-18
2025-11-16T21:21:16.181Z,116.4,0.78,90.3,60,1,90.8,9.4,-18
2025-11-16T21:21:16.546Z,116.4,0.78,90.3,60,1,90.8,9.4,-18
2025-11-16T21:21:16.664Z,116.4,0.78,90.3,60,1,90.8,9.4,-18
2025-11-16T21:21:16.909Z,116.4,0.78,90.3,60,1,90.8,9.4,-17
2025-11-16T21:21:19.609Z,116.6,0.78,90.5,60,1,90.9,9,-17
2025-11-16T21:21:19.919Z,116.6,0.78,90.5,60,1,90.9,9,-17
2025-11-16T21:21:20.035Z,116.6,0.78,90.5,60,1,90.9,9,-18
2025-11-16T21:21:20.274Z,116.6,0.78,90.5,60,1,90.9,9,-18
2025-11-16T21:21:20.530Z,116.6,0.78,90.5,60,1,90.9,9,-18
2025-11-16T21:21:20.756Z,116.6,0.78,90.5,60,1,90.9,9,-18
2025-11-16T21:21:20.996Z,116.7,0.78,90.6,60,1,91,8.8,-18
2025-11-16T21:21:21.237Z,116.7,0.78,90.6,60,1,91,8.8,-18
2025-11-16T21:21:21.474Z,116.7,0.78,90.6,60,1,91,8.8,-18
2025-11-16T21:21:21.716Z,116.7,0.78,90.6,60,1,91,8.8,-18
2025-11-16T21:21:21.963Z,116.7,0.78,90.6,60,1,91,8.8,-18
2025-11-16T21:21:22.205Z,116.8,0.78,90.9,60,1,91.1,6.1,-18
2025-11-16T21:21:22.438Z,116.8,0.78,90.9,60,1,91.1,6.1,-24
2025-11-16T21:21:22.690Z,116.8,0.78,90.9,60,1,91.1,6.1,-18
2025-11-16T21:21:22.921Z,116.8,0.78,90.9,60,1,91.1,6.1,-18
2025-11-16T21:21:23.309Z,116.8,0.78,90.9,60,1,91.1,6.1,-18
2025-11-16T21:21:23.614Z,116.6,0.78,90.5,60,1,90.9,9,-18
2025-11-16T21:21:23.914Z,116.6,0.78,90.5,60,1,90.9,9,-18
2025-11-16T21:21:23.924Z,116.6,0.78,90.5,60,1,90.9,9,-18
2025-11-16T21:21:24.231Z,116.6,0.78,90.5,60,1,90.9,9,-18
2025-11-16T21:21:24.523Z,116.6,0.78,90.5,60,1,90.9,9,-18
2025-11-16T21:21:24.834Z,116.4,0.78,90.3,60,1,90.8,9.4,-18
2025-11-16T21:21:25.139Z,116.4,0.78,90.3,60,1,90.8,9.4,-19
2025-11-16T21:21:25.150Z,116.4,0.78,90.3,60,1,90.8,9.4,-19
2025-11-16T21:21:25.445Z,116.4,0.78,90.3,60,1,90.8,9.4,-19
2025-11-16T21:21:25.574Z,116.4,0.78,90.3,60,1,90.8,9.4,-18
2025-11-16T21:21:25.812Z,116.4,0.78,90.3,60,1,90.8,9.4,-18
2025-11-16T21:21:26.052Z,116.7,0.78,90.6,60,1,91,8.8,-18
2025-11-16T21:21:26.368Z,116.7,0.78,90.6,60,1,91,8.8,-18
2025-11-16T21:21:26.534Z,116.7,0.78,90.6,60,1,91,8.8,-18
2025-11-16T21:21:26.777Z,116.7,0.78,90.6,60,1,91,8.8,-18
2025-11-16T21:21:27.017Z,116.7,0.78,90.6,60,1,91,8.8,-18
2025-11-16T21:21:27.288Z,116.7,0.78,90.6,60,1,91,8.8,-18
2025-11-16T21:21:27.494Z,116.9,0.78,90.8,60,1,91.2,8.3,-18
2025-11-16T21:21:27.734Z,116.9,0.78,90.8,60,1,91.2,8.3,-18
2025-11-16T21:21:27.982Z,116.9,0.78,90.8,60,1,91.2,8.3,-18
2025-11-16T21:21:28.218Z,116.9,0.78,90.8,60,1,91.2,8.3,-18
2025-11-16T21:21:28.517Z,116.9,0.78,90.8,60,1,91.2,8.3,-18
2025-11-16T21:21:28.823Z,117.1,0.78,91.1,60,1,91.3,6.6,-18
2025-11-16T21:21:28.936Z,117.1,0.78,91.1,60,1,91.3,6.6,-18
2025-11-16T21:21:29.178Z,117.1,0.78,91.1,60,1,91.3,6.6,-18
2025-11-16T21:21:29.420Z,117.1,0.78,91.1,60,1,91.3,6.6,-18
2025-11-16T21:21:29.748Z,117.1,0.78,91.1,60,1,91.3,6.6,-18
2025-11-16T21:21:30.052Z,116.9,0.78,90.8,60,1,91.2,8.3,-18
2025-11-16T21:21:30.149Z,116.9,0.78,90.8,60,1,91.2,8.3,-19
2025-11-16T21:21:30.379Z,116.9,0.78,90.8,59.9,1,91.2,8.3,-18
2025-11-16T21:21:30.677Z,116.9,0.78,90.8,59.9,1,91.2,8.3,-19
2025-11-16T21:21:30.879Z,116.9,0.78,90.8,59.9,1,91.2,8.3,-18
2025-11-16T21:21:31.104Z,116.9,0.78,90.8,60,1,91.2,8.3,-18
2025-11-16T21:21:31.344Z,117.1,0.78,91.1,60,1,91.3,6.6,-18
2025-11-16T21:21:31.588Z,117.1,0.78,91.1,60,1,91.3,6.6,-18
2025-11-16T21:21:31.839Z,117.1,0.78,91.1,59.9,1,91.3,6.6,-18
2025-11-16T21:21:32.207Z,117.1,0.78,91.1,60,1,91.3,6.6,-18
2025-11-16T21:21:32.513Z,117.1,0.78,91.1,60,1,91.3,6.6,-18
2025-11-16T21:21:32.823Z,117,0.78,91,59.9,1,91.3,6.9,-18
2025-11-16T21:21:32.835Z,117,0.78,91,59.9,1,91.3,6.9,-19
2025-11-16T21:21:33.124Z,117,0.78,91,60,1,91.3,6.9,-18
2025-11-16T21:21:33.269Z,117,0.78,91,59.9,1,91.3,6.9,-18
2025-11-16T21:21:33.514Z,117,0.78,91,59.9,1,91.3,6.9,-19
2025-11-16T21:21:33.763Z,116.3,0.78,90.2,59.9,1,90.7,9.6,-19
2025-11-16T21:21:34.047Z,116.3,0.78,90.2,59.9,1,90.7,9.6,-18
2025-11-16T21:21:34.234Z,116.3,0.78,90.2,59.9,1,90.7,9.6,-18
2025-11-16T21:21:34.472Z,116.3,0.78,90.2,59.9,1,90.7,9.6,-18
2025-11-16T21:21:34.710Z,116.3,0.78,90.2,59.9,1,90.7,9.6,-18
2025-11-16T21:21:37.732Z,116.4,0.78,90.2,60,1,90.8,10.4,-16
2025-11-16T21:21:37.841Z,116.4,0.78,90.2,59.9,1,90.8,10.4,-17
2025-11-16T21:21:38.080Z,116.4,0.78,90.2,59.9,1,90.8,10.4,-17
2025-11-16T21:21:38.353Z,116.4,0.78,90.2,60,1,90.8,10.4,-17
2025-11-16T21:21:38.557Z,116.4,0.78,90.2,59.9,1,90.8,10.4,-17
2025-11-16T21:21:38.801Z,116.5,0.78,90.5,59.9,1,90.9,8.2,-17
2025-11-16T21:21:39.038Z,116.5,0.78,90.5,59.9,1,90.9,8.2,-17
2025-11-16T21:21:39.288Z,116.5,0.78,90.5,59.9,1,90.9,8.2,-17
2025-11-16T21:21:39.578Z,116.5,0.78,90.5,59.9,1,90.9,8.2,-17
2025-11-16T21:21:39.762Z,116.5,0.78,90.5,59.9,1,90.9,8.2,-17
2025-11-16T21:21:40.012Z,116.4,0.78,90.3,60,1,90.8,9.4,-18
2025-11-16T21:21:40.254Z,116.4,0.78,90.3,60,1,90.8,9.4,-18
2025-11-16T21:21:40.499Z,116.4,0.78,90.3,59.9,1,90.8,9.4,-19
2025-11-16T21:21:40.732Z,116.4,0.78,90.3,60,1,90.8,9.4,-19
2025-11-16T21:21:40.975Z,116.4,0.78,90.3,59.9,1,90.8,9.4,-18
2025-11-16T21:21:41.211Z,116.4,0.78,90.3,59.9,1,90.8,9.4,-19
2025-11-16T21:21:41.465Z,116.9,0.78,90.9,59.9,1,91.2,7.2,-19
2025-11-16T21:21:41.727Z,116.9,0.78,90.9,59.9,1,91.2,7.2,-19
2025-11-16T21:21:41.936Z,116.9,0.78,90.9,59.9,1,91.2,7.2,-19
2025-11-16T21:21:42.181Z,116.9,0.78,90.9,59.9,1,91.2,7.2,-19
2025-11-16T21:21:42.436Z,116.9,0.78,90.9,59.9,1,91.2,7.2,-19
2025-11-16T21:21:42.666Z,116.9,0.78,90.9,59.9,1,91.2,7.2,-19
2025-11-16T21:21:42.897Z,116.9,0.78,90.9,59.9,1,91.2,7.2,-19
2025-11-16T21:21:43.136Z,116.9,0.78,90.9,59.9,1,91.2,7.2,-19
2025-11-16T21:21:43.377Z,116.9,0.78,90.9,59.9,1,91.2,7.2,-19
2025-11-16T21:21:43.617Z,116.9,0.78,90.9,59.9,1,91.2,7.2,-18
2025-11-16T21:21:43.859Z,116.9,0.78,90.9,59.9,1,91.2,7.2,-18
2025-11-16T21:21:44.186Z,116.9,0.78,91,59.9,1,91.2,5.8,-18
2025-11-16T21:21:44.337Z,116.9,0.78,91,60,1,91.2,5.8,-18
2025-11-16T21:21:44.580Z,116.9,0.78,91,59.9,1,91.2,5.8,-18
2025-11-16T21:21:44.820Z,116.9,0.78,91,60,1,91.2,5.8,-18
2025-11-16T21:21:45.106Z,116.9,0.78,91,59.9,1,91.2,5.8,-18
2025-11-16T21:21:45.311Z,116.8,0.78,90.8,59.9,1,91.1,7.4,-18
2025-11-16T21:21:45.541Z,116.8,0.78,90.8,59.9,1,91.1,7.4,-18
2025-11-16T21:21:45.782Z,116.8,0.78,90.8,59.9,1,91.1,7.4,-18
2025-11-16T21:21:46.020Z,116.8,0.78,90.8,59.9,1,91.1,7.4,-18
2025-11-16T21:21:46.264Z,116.8,0.78,90.8,59.9,1,91.1,7.4,-17
2025-11-16T21:21:46.504Z,116.8,0.78,90.7,59.9,1,91.1,8.6,-17
2025-11-16T21:21:46.745Z,116.8,0.78,90.7,59.9,1,91.1,8.6,-18
2025-11-16T21:21:46.994Z,116.8,0.78,90.7,60,1,91.1,8.6,-18
2025-11-16T21:21:47.234Z,116.8,0.78,90.7,59.9,1,91.1,8.6,-18
2025-11-16T21:21:47.479Z,116.8,0.78,90.7,59.9,1,91.1,8.6,-18
2025-11-16T21:21:47.719Z,116.8,0.78,90.7,59.9,1,91.1,8.6,-18
2025-11-16T21:21:47.956Z,116.9,0.78,90.8,60,1,91.2,8.3,-18
2025-11-16T21:21:48.194Z,116.9,0.78,90.8,59.9,1,91.2,8.3,-18
2025-11-16T21:21:48.436Z,116.9,0.78,90.8,59.9,1,91.2,8.3,-18
2025-11-16T21:21:48.793Z,116.9,0.78,90.8,60,1,91.2,8.3,-18
2025-11-16T21:21:48.917Z,116.9,0.78,90.8,59.9,1,91.2,8.3,-18
2025-11-16T21:21:49.156Z,116.7,0.78,90.7,59.9,1,91,7.7,-18
2025-11-16T21:21:49.409Z,116.7,0.78,90.7,59.9,1,91,7.7,-18
2025-11-16T21:21:49.715Z,116.7,0.78,90.7,59.9,1,91,7.7,-18
2025-11-16T21:21:50.022Z,116.7,0.78,90.7,60,1,91,7.7,-18
2025-11-16T21:21:50.117Z,116.7,0.78,90.7,60,1,91,7.7,-18
2025-11-16T21:21:50.357Z,116.8,0.78,90.8,59.9,1,91.1,7.4,-18
2025-11-16T21:21:50.637Z,116.8,0.78,90.8,59.9,1,91.1,7.4,-18
2025-11-16T21:21:50.839Z,116.8,0.78,90.8,60,1,91.1,7.4,-18
2025-11-16T21:21:51.081Z,116.8,0.78,90.8,60,1,91.1,7.4,-18
2025-11-16T21:21:51.321Z,116.8,0.78,90.8,59.9,1,91.1,7.4,-18
2025-11-16T21:21:58.060Z,114.6,0.77,88.2,59.9,1,88.2,2.7,-18
2025-11-16T21:21:58.306Z,114.6,0.77,88.2,59.9,1,88.2,2.7,-18
2025-11-16T21:21:58.626Z,114.6,0.77,88.2,59.9,1,88.2,2.7,-18
2025-11-16T21:21:58.781Z,114.6,0.77,88.2,59.9,1,88.2,2.7,-18
2025-11-16T21:21:59.024Z,114.6,0.77,88.2,59.9,1,88.2,2.7,-18
2025-11-16T21:21:59.267Z,114.6,0.77,88.2,60,1,88.2,2.7,-18
2025-11-16T21:21:59.509Z,114.4,0.77,87.9,60,1,88.1,5.8,-18
2025-11-16T21:21:59.851Z,114.4,0.77,87.9,60,1,88.1,5.8,-18
2025-11-16T21:22:00.161Z,114.4,0.77,87.9,59.9,1,88.1,5.8,-18
2025-11-16T21:22:00.229Z,114.4,0.77,87.9,59.9,1,88.1,5.8,-18
2025-11-16T21:22:00.471Z,114.4,0.77,87.9,59.9,1,88.1,5.8,-18
2025-11-16T21:22:01.917Z,116.5,0.78,90.3,60,1,90.9,10.2,-18
2025-11-16T21:22:02.166Z,116.5,0.78,90.3,60,1,90.9,10.2,-18
2025-11-16T21:22:02.401Z,116.5,0.78,90.3,59.9,1,90.9,10.2,-18
2025-11-16T21:22:02.638Z,116.5,0.78,90.3,59.9,1,90.9,10.2,-18
2025-11-16T21:22:02.925Z,116.5,0.78,90.3,59.9,1,90.9,10.2,-18
2025-11-16T21:22:03.233Z,116.9,0.78,90.9,59.9,1,91.2,7.2,-18
2025-11-16T21:22:03.541Z,116.9,0.78,90.9,59.9,1,91.2,7.2,-18
2025-11-16T21:22:03.602Z,116.9,0.78,90.9,60,1,91.2,7.2,-18
2025-11-16T21:22:03.855Z,116.9,0.78,90.9,59.9,1,91.2,7.2,-18
2025-11-16T21:22:04.152Z,116.9,0.78,90.9,59.9,1,91.2,7.2,-18
2025-11-16T21:22:04.462Z,116.9,0.78,90.9,59.9,1,91.2,7.2,-18
2025-11-16T21:22:04.571Z,116.8,0.78,90.7,59.9,1,91.1,8.6,-18
2025-11-16T21:22:04.765Z,116.8,0.78,90.7,59.9,1,91.1,8.6,-18
2025-11-16T21:22:04.815Z,116.8,0.78,90.7,59.9,1,91.1,8.6,-18
2025-11-16T21:22:05.048Z,116.8,0.78,90.7,60,1,91.1,8.6,-18
2025-11-16T21:22:05.388Z,116.8,0.78,90.7,59.9,1,91.1,8.6,-18
2025-11-16T21:22:05.692Z,116.8,0.78,90.7,59.9,1,91.1,8.6,-18
2025-11-16T21:22:05.996Z,116.8,0.78,90.6,59.9,1,91.1,9.6,-18
2025-11-16T21:22:06.043Z,116.8,0.78,90.6,59.9,1,91.1,9.6,-18
2025-11-16T21:22:06.253Z,116.8,0.78,90.6,59.9,1,91.1,9.6,-18
2025-11-16T21:22:06.618Z,116.8,0.78,90.6,59.9,1,91.1,9.6,-18
2025-11-16T21:22:06.927Z,116.8,0.78,90.6,59.9,1,91.1,9.6,-18
2025-11-16T21:22:07.228Z,116.5,0.78,90.4,59.9,1,90.9,9.2,-18
2025-11-16T21:22:07.247Z,116.5,0.78,90.4,60,1,90.9,9.2,-18
2025-11-16T21:22:07.464Z,116.5,0.78,90.4,59.9,1,90.9,9.2,-18
2025-11-16T21:22:07.698Z,116.5,0.78,90.4,59.9,1,90.9,9.2,-18
2025-11-16T21:22:07.937Z,116.5,0.78,90.4,59.9,1,90.9,9.2,-18
2025-11-16T21:22:08.188Z,116.6,0.78,90.4,59.9,1,90.9,10,-18
2025-11-16T21:22:08.464Z,116.6,0.78,90.4,59.9,1,90.9,10,-18
2025-11-16T21:22:08.666Z,116.6,0.78,90.4,59.9,1,90.9,10,-18
2025-11-16T21:22:08.902Z,116.6,0.78,90.4,59.9,1,90.9,10,-18
2025-11-16T21:22:09.147Z,116.6,0.78,90.4,59.9,1,90.9,10,-18
2025-11-16T21:22:09.381Z,116.6,0.78,90.4,59.9,1,90.9,10,-18
2025-11-16T21:22:09.682Z,116.7,0.78,90.5,59.9,1,91,9.8,-18
2025-11-16T21:22:09.865Z,116.7,0.78,90.5,59.9,1,91,9.8,-18
2025-11-16T21:22:10.099Z,116.7,0.78,90.5,59.9,1,91,9.8,-18
2025-11-16T21:22:10.341Z,116.7,0.78,90.5,59.9,1,91,9.8,-18
2025-11-16T21:22:10.583Z,116.7,0.78,90.5,59.9,1,91,9.8,-18
2025-11-16T21:22:10.833Z,116.9,0.78,90.8,59.9,1,91.2,8.3,-18
2025-11-16T21:22:11.068Z,116.9,0.78,90.8,59.9,1,91.2,8.3,-18
2025-11-16T21:22:11.312Z,116.9,0.78,90.8,59.9,1,91.2,8.3,-18
2025-11-16T21:22:11.543Z,116.9,0.78,90.8,59.9,1,91.2,8.3,-18
2025-11-16T21:22:11.800Z,116.9,0.78,90.8,59.9,1,91.2,8.3,-18
2025-11-16T21:22:12.138Z,116.9,0.78,90.8,59.9,1,91.2,8.3,-18
2025-11-16T21:22:12.279Z,116.6,0.78,90.5,59.9,1,90.9,9,-18
2025-11-16T21:22:12.510Z,116.6,0.78,90.5,59.9,1,90.9,9,-18
2025-11-16T21:22:12.745Z,116.6,0.78,90.5,59.9,1,90.9,9,-17
2025-11-16T21:22:13.068Z,116.6,0.78,90.5,59.9,1,90.9,9,-18
2025-11-16T21:22:13.229Z,116.6,0.78,90.5,59.9,1,90.9,9,-18
2025-11-16T21:22:13.472Z,116.6,0.78,90.5,59.9,1,90.9,9,-17
2025-11-16T21:22:13.715Z,116.6,0.78,90.5,59.9,1,90.9,9,-18
2025-11-16T21:22:13.993Z,116.6,0.78,90.5,59.9,1,90.9,9,-17
2025-11-16T21:22:14.191Z,116.6,0.78,90.5,59.9,1,90.9,9,-18
2025-11-16T21:22:14.427Z,116.6,0.78,90.5,59.9,1,90.9,9,-17
2025-11-16T21:22:14.666Z,116.6,0.78,90.5,59.9,1,90.9,9,-17
2025-11-16T21:22:14.911Z,116.6,0.78,90.5,59.9,1,90.9,9,-17
2025-11-16T21:22:15.151Z,116.6,0.78,90.5,59.9,1,90.9,9,-17
2025-11-16T21:22:15.520Z,116.6,0.78,90.5,59.9,1,90.9,9,-17
2025-11-16T21:22:15.638Z,116.6,0.78,90.5,59.9,1,90.9,9,-18
2025-11-16T21:22:15.874Z,116.6,0.78,90.5,59.9,1,90.9,9,-18
2025-11-16T21:22:16.132Z,116.5,0.78,90.4,59.9,1,90.9,9.2,-18
2025-11-16T21:22:16.445Z,116.5,0.78,90.4,59.9,1,90.9,9.2,-17
2025-11-16T21:22:16.751Z,116.5,0.78,90.4,59.9,1,90.9,9.2,-17
2025-11-16T21:22:17.058Z,116.5,0.78,90.4,59.9,1,90.9,9.2,-18
2025-11-16T21:22:17.106Z,116.5,0.78,90.4,60,1,90.9,9.2,-18
2025-11-16T21:22:17.327Z,116.5,0.78,90.4,59.9,1,90.9,9.2,-18
2025-11-16T21:22:17.673Z,116.5,0.78,90.4,60,1,90.9,9.2,-18
2025-11-16T21:22:17.980Z,116.5,0.78,90.4,59.9,1,90.9,9.2,-17
2025-11-16T21:22:18.284Z,116.5,0.78,90.4,60,1,90.9,9.2,-18
2025-11-16T21:22:18.296Z,116.5,0.78,90.4,59.9,1,90.9,9.2,-18
2025-11-16T21:22:18.603Z,116.7,0.78,90.6,59.9,1,91,8.8,-18
2025-11-16T21:22:18.761Z,116.7,0.78,90.6,60,1,91,8.8,-18
2025-11-16T21:22:19.000Z,116.7,0.78,90.6,59.9,1,91,8.8,-18
2025-11-16T21:22:19.238Z,116.7,0.78,90.6,59.9,1,91,8.8,-18
2025-11-16T21:22:19.481Z,116.7,0.78,90.6,60,1,91,8.8,-18
2025-11-16T21:22:19.721Z,116.6,0.78,90.5,59.9,1,90.9,9,-18
2025-11-16T21:22:19.961Z,116.6,0.78,90.5,59.9,1,90.9,9,-17
2025-11-16T21:22:20.201Z,116.6,0.78,90.5,59.9,1,90.9,9,-17
2025-11-16T21:22:20.443Z,116.6,0.78,90.5,60,1,90.9,9,-19
2025-11-16T21:22:20.680Z,116.6,0.78,90.5,59.9,1,90.9,9,-19
2025-11-16T21:22:20.925Z,116.6,0.78,90.5,59.9,1,90.9,9,-18
2025-11-16T21:22:22.363Z,114.3,0.77,87.8,60,1,88,6.1,-19
2025-11-16T21:22:22.606Z,114.3,0.77,87.8,60,1,88,6.1,-19
2025-11-16T21:22:22.844Z,114.3,0.77,87.8,60,1,88,6.1,-19
2025-11-16T21:22:23.200Z,114.3,0.77,87.8,60,1,88,6.1,-18
2025-11-16T21:22:23.507Z,114.3,0.77,87.8,60,1,88,6.1,-18
2025-11-16T21:22:23.563Z,114.3,0.77,87.7,60,1,88,7.4,-19
2025-11-16T21:22:23.807Z,114.3,0.77,87.7,60,1,88,7.4,-18
2025-11-16T21:22:24.046Z,114.3,0.77,87.7,60,1,88,7.4,-18
2025-11-16T21:22:24.289Z,114.3,0.77,87.7,60,1,88,7.4,-17
2025-11-16T21:22:24.529Z,114.3,0.77,87.7,60,1,88,7.4,-18
2025-11-16T21:22:31.506Z,110.9,0.76,83.6,60,0.99,84.3,10.7,-17
2025-11-16T21:22:31.753Z,110.9,0.76,83.6,60,0.99,84.3,10.7,-17
2025-11-16T21:22:31.998Z,110.9,0.76,83.6,60,0.99,84.3,10.7,-17
2025-11-16T21:22:32.252Z,110.9,0.76,83.6,60,0.99,84.3,10.7,-17
2025-11-16T21:22:32.489Z,110.9,0.76,83.6,60,0.99,84.3,10.7,-17
2025-11-16T21:22:36.319Z,112.9,0.76,85.2,59.9,0.99,85.8,10.2,-17
2025-11-16T21:22:37.770Z,112,0.76,85.1,59.9,1,85.1,1.8,-17
2025-11-16T21:22:38.003Z,112,0.76,85.1,59.9,1,85.1,1.8,-17
2025-11-16T21:22:38.248Z,112,0.76,85.1,60,1,85.1,1.8,-17
2025-11-16T21:22:38.485Z,112,0.76,85.1,59.9,1,85.1,1.8,-17
2025-11-16T21:22:38.745Z,112,0.76,85.1,60,1,85.1,1.8,-17
2025-11-16T21:22:40.402Z,111.8,0.76,84.9,60,1,85,3.4,-17
2025-11-16T21:22:40.455Z,111.8,0.76,84.9,60,1,85,3.4,-17
2025-11-16T21:22:40.660Z,111.8,0.76,84.9,59.9,1,85,3.4,-17
2025-11-16T21:22:40.900Z,111.8,0.76,84.9,59.9,1,85,3.4,-17
2025-11-16T21:22:41.141Z,111.8,0.76,84.9,59.9,1,85,3.4,-17
2025-11-16T21:22:41.381Z,111.8,0.76,84.9,60,1,85,3.4,-17
2025-11-16T21:22:41.639Z,111.7,0.76,84.7,60,1,84.9,5.7,-17
2025-11-16T21:22:41.943Z,111.7,0.76,84.7,60,1,84.9,5.7,-17
2025-11-16T21:22:42.256Z,111.7,0.76,84.7,60,1,84.9,5.7,-17
2025-11-16T21:22:42.343Z,111.7,0.76,84.7,60,1,84.9,5.7,-17
2025-11-16T21:22:42.585Z,111.7,0.76,84.7,60,1,84.9,5.7,-17
2025-11-16T21:22:42.867Z,111.7,0.76,84.7,60,1,84.9,5.7,-17
2025-11-16T21:22:43.174Z,111.8,0.76,84.9,60,1,85,3.4,-17
2025-11-16T21:22:43.478Z,111.8,0.76,84.9,60,1,85,3.4,-17
2025-11-16T21:22:43.543Z,111.8,0.76,84.9,60,1,85,3.4,-17
2025-11-16T21:22:43.787Z,111.8,0.76,84.9,60,1,85,3.4,-17
2025-11-16T21:22:44.034Z,111.8,0.76,84.9,60,1,85,3.4,-17
2025-11-16T21:22:44.401Z,111.8,0.76,84.9,60,1,85,3.4,-17
2025-11-16T21:22:44.703Z,111.8,0.76,84.9,59.9,1,85,3.4,-17
2025-11-16T21:22:44.748Z,111.8,0.76,84.9,59.9,1,85,3.4,-17
2025-11-16T21:22:44.987Z,111.8,0.76,84.9,60,1,85,3.4,-17
2025-11-16T21:22:45.320Z,111.8,0.76,84.9,60,1,85,3.4,-17
2025-11-16T21:22:45.633Z,111,0.76,84,60,1,84.4,7.8,-17
2025-11-16T21:22:45.717Z,111,0.76,84,59.9,1,84.4,7.8,-17
2025-11-16T21:22:45.956Z,111,0.76,84,59.9,1,84.4,7.8,-17
2025-11-16T21:22:46.244Z,111,0.76,84,59.9,1,84.4,7.8,-17
2025-11-16T21:22:46.450Z,111,0.76,84,60,1,84.4,7.8,-17
2025-11-16T21:22:46.679Z,111.2,0.76,84.2,60,1,84.5,7.3,-17
2025-11-16T21:22:46.920Z,111.2,0.76,84.2,60,1,84.5,7.3,-17
2025-11-16T21:22:47.164Z,111.2,0.76,84.2,59.9,1,84.5,7.3,-17
2025-11-16T21:22:47.397Z,111.2,0.76,84.2,59.9,1,84.5,7.3,-17
2025-11-16T21:22:47.641Z,111.2,0.76,84.2,59.9,1,84.5,7.3,-17
2025-11-16T21:22:47.880Z,111.2,0.76,84.2,60,1,84.5,7.3,-17
2025-11-16T21:22:51.726Z,113.6,0.77,86.9,59.9,1,87.5,10,-17
2025-11-16T21:22:51.970Z,113.6,0.77,86.9,59.9,1,87.5,10,-17
2025-11-16T21:22:52.207Z,113.6,0.77,86.9,59.9,1,87.5,10,-17
2025-11-16T21:22:52.446Z,113.6,0.77,86.9,59.9,1,87.5,10,-17
2025-11-16T21:22:52.710Z,113.6,0.77,86.9,59.9,1,87.5,10,-17
2025-11-16T21:22:53.000Z,113.6,0.77,86.9,60,1,87.5,10,-17
2025-11-16T21:22:53.305Z,113.5,0.77,86.9,60,1,87.4,9.3,-17
2025-11-16T21:22:53.616Z,113.5,0.77,86.9,59.9,1,87.4,9.3,-17
2025-11-16T21:22:53.921Z,113.5,0.77,86.9,59.9,1,87.4,9.3,-17
2025-11-16T21:22:53.930Z,113.5,0.77,86.9,59.9,1,87.4,9.3,-17
2025-11-16T21:22:54.226Z,113.5,0.77,86.9,59.9,1,87.4,9.3,-17
2025-11-16T21:22:54.385Z,113.8,0.77,87.3,59.9,1,87.6,7.6,-17
2025-11-16T21:22:54.623Z,113.8,0.77,87.3,59.9,1,87.6,7.6,-17
2025-11-16T21:22:54.873Z,113.8,0.77,87.3,59.9,1,87.6,7.6,-17
2025-11-16T21:22:55.150Z,113.8,0.77,87.3,59.9,1,87.6,7.6,-17
2025-11-16T21:22:55.341Z,113.8,0.77,87.3,59.9,1,87.6,7.6,-17
2025-11-16T21:22:55.587Z,114,0.77,87.4,59.9,1,87.8,8.2,-17
2025-11-16T21:22:55.841Z,114,0.77,87.4,59.9,1,87.8,8.2,-17
2025-11-16T21:22:56.074Z,114,0.77,87.4,59.9,1,87.8,8.2,-17
2025-11-16T21:22:56.311Z,114,0.77,87.4,60,1,87.8,8.2,-17
2025-11-16T21:22:56.554Z,114,0.77,87.4,60,1,87.8,8.2,-17
2025-11-16T21:22:56.793Z,114,0.77,87.4,59.9,1,87.8,8.2,-17
2025-11-16T21:22:57.027Z,114.2,0.77,87.7,59.9,1,87.9,6.4,-17
2025-11-16T21:22:57.299Z,114.2,0.77,87.7,59.9,1,87.9,6.4,-17
2025-11-16T21:22:57.604Z,114.2,0.77,87.7,59.9,1,87.9,6.4,-17
2025-11-16T21:22:57.746Z,114.2,0.77,87.7,59.9,1,87.9,6.4,-17
2025-11-16T21:22:57.985Z,114.2,0.77,87.7,59.8,1,87.9,6.4,-17
2025-11-16T21:22:58.231Z,114,0.77,87.5,59.8,1,87.8,7,-17
2025-11-16T21:22:58.533Z,114,0.77,87.5,59.9,1,87.8,7,-17
2025-11-16T21:22:58.835Z,114,0.77,87.5,59.9,1,87.8,7,-17
2025-11-16T21:22:58.965Z,114,0.77,87.5,59.9,1,87.8,7,-17
2025-11-16T21:22:59.188Z,114,0.77,87.5,59.8,1,87.8,7,-24
2025-11-16T21:22:59.447Z,114,0.77,87.5,59.9,1,87.8,7,-17
2025-11-16T21:22:59.685Z,113.7,0.77,87,59.9,1,87.5,9.8,-17
2025-11-16T21:22:59.923Z,113.7,0.77,87,59.9,1,87.5,9.8,-17
2025-11-16T21:23:00.166Z,113.7,0.77,87,59.8,1,87.5,9.8,-17
2025-11-16T21:23:00.400Z,113.7,0.77,87,59.9,1,87.5,9.8,-17
2025-11-16T21:23:00.643Z,113.7,0.77,87,59.9,1,87.5,9.8,-17
2025-11-16T21:23:00.879Z,113.9,0.77,87.3,59.9,1,87.7,8.4,-17
2025-11-16T21:23:01.124Z,113.9,0.77,87.3,59.9,1,87.7,8.4,-17
2025-11-16T21:23:01.362Z,113.9,0.77,87.3,59.9,1,87.7,8.4,-17
2025-11-16T21:23:01.604Z,113.9,0.77,87.3,59.9,1,87.7,8.4,-17
2025-11-16T21:23:01.842Z,113.9,0.77,87.3,60,1,87.7,8.4,-17
2025-11-16T21:23:02.087Z,114.1,0.77,87.5,59.9,1,87.9,7.9,-17
2025-11-16T21:23:02.327Z,114.1,0.77,87.5,59.9,1,87.9,7.9,-17
2025-11-16T21:23:02.562Z,114.1,0.77,87.5,59.9,1,87.9,7.9,-17
2025-11-16T21:23:02.828Z,114.1,0.77,87.5,59.9,1,87.9,7.9,-17
2025-11-16T21:23:03.146Z,114.1,0.77,87.5,59.9,1,87.9,7.9,-17
2025-11-16T21:23:03.299Z,113.5,0.77,86.9,59.9,1,87.4,9.3,-17
2025-11-16T21:23:03.533Z,113.5,0.77,86.9,59.9,1,87.4,9.3,-17
2025-11-16T21:23:03.764Z,113.5,0.77,86.9,59.9,1,87.4,9.3,-17
2025-11-16T21:23:04.013Z,113.5,0.77,86.9,60,1,87.4,9.3,-17
2025-11-16T21:23:04.367Z,113.5,0.77,86.9,59.9,1,87.4,9.3,-17
2025-11-16T21:23:04.670Z,113.5,0.77,86.9,59.9,1,87.4,9.3,-17
2025-11-16T21:23:15.079Z,113.1,0.77,86.6,60,1,87.1,9.2,-17
2025-11-16T21:23:15.424Z,113.1,0.77,86.6,60,1,87.1,9.2,-17
2025-11-16T21:23:15.730Z,113.1,0.77,86.6,60,1,87.1,9.2,-17
2025-11-16T21:23:15.798Z,113.1,0.77,86.6,59.9,1,87.1,9.2,-17
2025-11-16T21:23:16.041Z,113.1,0.77,86.6,59.9,1,87.1,9.2,-17
2025-11-16T21:23:17.573Z,113.1,0.77,86.6,60,1,87.1,9.2,-17
2025-11-16T21:23:17.724Z,113.1,0.77,86.6,60,1,87.1,9.2,-17
2025-11-16T21:23:17.965Z,113.1,0.77,86.6,59.9,1,87.1,9.2,-17
2025-11-16T21:23:18.217Z,113.1,0.77,86.6,59.9,1,87.1,9.2,-17
2025-11-16T21:23:18.443Z,113.1,0.77,86.6,59.9,1,87.1,9.2,-17
2025-11-16T21:23:22.538Z,114.1,0.77,87.6,59.9,1,87.9,6.7,-20
2025-11-16T21:23:22.783Z,114.1,0.77,87.6,59.9,1,87.9,6.7,-20
2025-11-16T21:23:23.019Z,114.1,0.77,87.6,59.9,1,87.9,6.7,-20
2025-11-16T21:23:23.263Z,114.1,0.77,87.6,59.9,1,87.9,6.7,-20
2025-11-16T21:23:23.502Z,114.1,0.77,87.6,59.9,1,87.9,6.7,-20
2025-11-16T21:23:23.741Z,113.8,0.77,87.2,59.9,1,87.6,8.6,-20
2025-11-16T21:23:23.992Z,113.8,0.77,87.2,59.9,1,87.6,8.6,-20
2025-11-16T21:23:24.333Z,113.8,0.77,87.2,59.9,1,87.6,8.6,-20
2025-11-16T21:23:24.479Z,113.8,0.77,87.2,59.9,1,87.6,8.6,-20
2025-11-16T21:23:24.722Z,113.8,0.77,87.2,59.9,1,87.6,8.6,-20
2025-11-16T21:23:24.944Z,111.3,0.76,84.3,59.9,1,84.6,7,-20
2025-11-16T21:23:25.254Z,111.3,0.76,84.3,59.9,1,84.6,7,-20
2025-11-16T21:23:25.560Z,111.3,0.76,84.3,59.9,1,84.6,7,-19
2025-11-16T21:23:25.665Z,111.3,0.76,84.3,59.9,1,84.6,7,-19
2025-11-16T21:23:25.904Z,111.3,0.76,84.3,59.9,1,84.6,7,-19
2025-11-16T21:23:26.144Z,111.3,0.76,84.3,59.9,1,84.6,7,-19
2025-11-16T21:23:32.887Z,112,0.76,85.1,59.9,1,85.1,1.8,-18
2025-11-16T21:23:33.126Z,112,0.76,85.1,59.9,1,85.1,1.8,-18
2025-11-16T21:23:33.376Z,112,0.76,85.1,59.9,1,85.1,1.8,-18
2025-11-16T21:23:33.606Z,112,0.76,85.1,59.9,1,85.1,1.8,-18
2025-11-16T21:23:33.863Z,112,0.76,85.1,59.9,1,85.1,1.8,-18
2025-11-16T21:23:36.004Z,0,0,0,0,0,0,0,-74
2025-11-16T21:23:36.622Z,113.9,0.77,87.2,59.9,1,87.7,9.4,-18
2025-11-16T21:23:36.735Z,113.9,0.77,87.2,59.9,1,87.7,9.4,-19
2025-11-16T21:23:36.973Z,113.9,0.77,87.2,59.9,1,87.7,9.4,-18
2025-11-16T21:23:37.221Z,113.9,0.77,87.2,60,1,87.7,9.4,-18
2025-11-16T21:23:37.541Z,113.9,0.77,87.2,59.9,1,87.7,9.4,-18
2025-11-16T21:23:37.849Z,113.9,0.77,87.2,59.9,1,87.7,9.4,-18
2025-11-16T21:23:38.155Z,114.1,0.77,87.4,60,1,87.9,8.9,-18
2025-11-16T21:23:38.463Z,114.1,0.77,87.4,59.9,1,87.9,8.9,-18
2025-11-16T21:23:38.468Z,114.1,0.77,87.4,59.9,1,87.9,8.9,-18
2025-11-16T21:23:38.770Z,114.1,0.77,87.4,59.9,1,87.9,8.9,-18
2025-11-16T21:23:38.899Z,114.1,0.77,87.4,59.9,1,87.9,8.9,-19
2025-11-16T21:23:39.143Z,114.1,0.77,87.5,59.9,1,87.9,7.9,-18
2025-11-16T21:23:39.384Z,114.1,0.77,87.5,59.9,1,87.9,7.9,-18
2025-11-16T21:23:39.635Z,114.1,0.77,87.5,59.8,1,87.9,7.9,-18
2025-11-16T21:23:39.862Z,114.1,0.77,87.5,59.9,1,87.9,7.9,-18
2025-11-16T21:23:40.103Z,114.1,0.77,87.5,59.9,1,87.9,7.9,-18
2025-11-16T21:23:40.343Z,114.1,0.77,87.6,60,1,87.9,6.7,-18
2025-11-16T21:23:40.615Z,114.1,0.77,87.6,59.9,1,87.9,6.7,-18
2025-11-16T21:23:40.826Z,114.1,0.77,87.6,59.9,1,87.9,6.7,-19
2025-11-16T21:23:41.066Z,114.1,0.77,87.6,59.9,1,87.9,6.7,-19
2025-11-16T21:23:41.311Z,114.1,0.77,87.6,59.9,1,87.9,6.7,-19
2025-11-16T21:23:41.545Z,114.1,0.77,87.6,59.9,1,87.9,6.7,-19
2025-11-16T21:23:41.784Z,114.3,0.77,87.8,59.9,1,88,6.1,-19
2025-11-16T21:23:42.152Z,114.3,0.77,87.8,59.9,1,88,6.1,-18
2025-11-16T21:23:42.265Z,114.3,0.77,87.8,59.9,1,88,6.1,-18
2025-11-16T21:23:42.511Z,114.3,0.77,87.8,59.9,1,88,6.1,-18
2025-11-16T21:23:42.751Z,114.3,0.77,87.8,59.9,1,88,6.1,-19
2025-11-16T21:23:42.998Z,114.3,0.77,87.8,59.9,1,88,6.1,-19
2025-11-16T21:23:43.229Z,114.5,0.77,88,60,1,88.2,5.4,-17
2025-11-16T21:23:43.471Z,114.5,0.77,88,60,1,88.2,5.4,-17
2025-11-16T21:23:43.710Z,114.5,0.77,88,59.9,1,88.2,5.4,-17
2025-11-16T21:23:43.949Z,114.5,0.77,88,60,1,88.2,5.4,-17
2025-11-16T21:23:44.209Z,114.5,0.77,88,59.9,1,88.2,5.4,-17
2025-11-16T21:23:44.445Z,114.8,0.77,88.3,59.9,1,88.4,4.1,-17
2025-11-16T21:23:44.689Z,114.8,0.77,88.3,59.9,1,88.4,4.1,-17
2025-11-16T21:23:44.921Z,114.8,0.77,88.3,59.9,1,88.4,4.1,-17
2025-11-16T21:23:45.162Z,114.8,0.77,88.3,59.9,1,88.4,4.1,-17
2025-11-16T21:23:45.535Z,114.8,0.77,88.3,59.9,1,88.4,4.1,-17
2025-11-16T21:23:45.642Z,114.3,0.77,87.8,60,1,88,6.1,-17
2025-11-16T21:23:45.885Z,114.3,0.77,87.8,60,1,88,6.1,-17
2025-11-16T21:23:46.126Z,114.3,0.77,87.8,59.9,1,88,6.1,-17
2025-11-16T21:23:46.456Z,114.3,0.77,87.8,59.9,1,88,6.1,-17
2025-11-16T21:23:46.763Z,114.3,0.77,87.8,59.9,1,88,6.1,-17
2025-11-16T21:23:47.066Z,113.9,0.77,87.3,59.9,1,87.7,8.4,-17
2025-11-16T21:23:47.372Z,113.9,0.77,87.3,60,1,87.7,8.4,-17
2025-11-16T21:23:47.381Z,113.9,0.77,87.3,60,1,87.7,8.4,-17
2025-11-16T21:23:47.682Z,113.9,0.77,87.3,60,1,87.7,8.4,-17
2025-11-16T21:23:47.804Z,113.9,0.77,87.3,60,1,87.7,8.4,-17
2025-11-16T21:23:48.048Z,113.9,0.77,87.3,59.9,1,87.7,8.4,-17
2025-11-16T21:23:48.289Z,114,0.77,87.4,59.9,1,87.8,8.2,-17
2025-11-16T21:23:48.632Z,114,0.77,87.4,59.9,1,87.8,8.2,-17
2025-11-16T21:23:48.908Z,114,0.77,87.4,59.9,1,87.8,8.2,-17
2025-11-16T21:23:49.007Z,114,0.77,87.4,59.9,1,87.8,8.2,-17
2025-11-16T21:23:49.247Z,114,0.77,87.4,59.9,1,87.8,8.2,-17
2025-11-16T21:23:49.487Z,114.1,0.77,87.5,60,1,87.9,7.9,-17
2025-11-16T21:23:49.729Z,114.1,0.77,87.5,60,1,87.9,7.9,-17
2025-11-16T21:23:49.970Z,114.1,0.77,87.5,60,1,87.9,7.9,-17
2025-11-16T21:23:50.212Z,114.1,0.77,87.5,60,1,87.9,7.9,-17
2025-11-16T21:23:50.464Z,114.1,0.77,87.5,60,1,87.9,7.9,-17
2025-11-16T21:23:50.749Z,114.1,0.77,87.7,60,1,87.9,5.2,-17
2025-11-16T21:23:50.938Z,114.1,0.77,87.7,59.9,1,87.9,5.2,-17
2025-11-16T21:23:51.174Z,114.1,0.77,87.7,59.9,1,87.9,5.2,-17
2025-11-16T21:23:51.430Z,114.1,0.77,87.7,59.9,1,87.9,5.2,-17
2025-11-16T21:23:51.672Z,114.1,0.77,87.7,59.9,1,87.9,5.2,-17
2025-11-16T21:23:51.984Z,114.6,0.77,88.2,59.9,1,88.2,2.7,-17
2025-11-16T21:23:52.144Z,114.6,0.77,88.2,59.9,1,88.2,2.7,-17
2025-11-16T21:23:52.388Z,114.6,0.77,88.2,59.9,1,88.2,2.7,-17
2025-11-16T21:23:52.634Z,114.6,0.77,88.2,59.9,1,88.2,2.7,-17
2025-11-16T21:23:52.901Z,114.6,0.77,88.2,59.9,1,88.2,2.7,-17
2025-11-16T21:23:53.107Z,114.6,0.77,88.2,59.9,1,88.2,2.7,-17
2025-11-16T21:23:53.344Z,114.4,0.77,88,59.9,1,88.1,3.9,-17
2025-11-16T21:23:53.592Z,114.4,0.77,88,59.9,1,88.1,3.9,-17
2025-11-16T21:23:53.830Z,114.4,0.77,88,59.9,1,88.1,3.9,-17
2025-11-16T21:23:54.065Z,114.4,0.77,88,59.9,1,88.1,3.9,-17
2025-11-16T21:23:54.436Z,114.4,0.77,88,60,1,88.1,3.9,-17
2025-11-16T21:23:54.551Z,114.5,0.77,88.1,60,1,88.2,3.4,-17
2025-11-16T21:23:54.790Z,114.5,0.77,88.1,60,1,88.2,3.4,-17
2025-11-16T21:23:55.028Z,114.5,0.77,88.1,60,1,88.2,3.4,-17
2025-11-16T21:23:55.268Z,114.5,0.77,88.1,60,1,88.2,3.4,-17
2025-11-16T21:23:55.509Z,114.5,0.77,88.1,60,1,88.2,3.4,-17
2025-11-16T21:23:55.750Z,114.2,0.77,87.7,59.9,1,87.9,6.4,-17
2025-11-16T21:23:55.992Z,114.2,0.77,87.7,59.9,1,87.9,6.4,-17
2025-11-16T21:23:56.234Z,114.2,0.77,87.7,59.9,1,87.9,6.4,-17
2025-11-16T21:23:56.588Z,114.2,0.77,87.7,59.9,1,87.9,6.4,-17
2025-11-16T21:23:56.896Z,114.2,0.77,87.7,59.9,1,87.9,6.4,-17
2025-11-16T21:23:56.950Z,114.2,0.77,87.7,59.9,1,87.9,6.4,-17
2025-11-16T21:23:57.193Z,113.3,0.77,86.7,60,1,87.2,9.7,-17
2025-11-16T21:23:57.510Z,113.3,0.77,86.7,60,1,87.2,9.7,-17
2025-11-16T21:23:57.827Z,113.3,0.77,86.7,60,1,87.2,9.7,-17
2025-11-16T21:23:58.125Z,113.3,0.77,86.7,59.9,1,87.2,9.7,-17
2025-11-16T21:23:58.175Z,113.3,0.77,86.7,59.9,1,87.2,9.7,-17
2025-11-16T21:23:58.440Z,113.7,0.77,87.2,60,1,87.5,7.8,-17
2025-11-16T21:23:58.741Z,113.7,0.77,87.2,60,1,87.5,7.8,-17
2025-11-16T21:23:59.044Z,113.7,0.77,87.2,60,1,87.5,7.8,-17
2025-11-16T21:23:59.353Z,113.7,0.77,87.2,59.9,1,87.5,7.8,-17
2025-11-16T21:23:59.407Z,113.7,0.77,87.2,59.9,1,87.5,7.8,-17
2025-11-16T21:23:59.608Z,113.7,0.77,87.2,60,1,87.5,7.8,-17
2025-11-16T21:23:59.972Z,114.3,0.77,87.9,59.9,1,88,4.4,-17
2025-11-16T21:24:00.085Z,114.3,0.77,87.9,59.9,1,88,4.4,-17
2025-11-16T21:24:00.332Z,114.3,0.77,87.9,60,1,88,4.4,-17
2025-11-16T21:24:00.594Z,114.3,0.77,87.9,60,1,88,4.4,-17
2025-11-16T21:24:00.890Z,114.3,0.77,87.9,59.9,1,88,4.4,-17
2025-11-16T21:24:03.449Z,113.9,0.77,87.3,60,1,87.7,8.4,-17
2025-11-16T21:24:03.697Z,113.9,0.77,87.3,60,1,87.7,8.4,-17
2025-11-16T21:24:03.932Z,113.9,0.77,87.3,59.9,1,87.7,8.4,-17
2025-11-16T21:24:04.182Z,113.9,0.77,87.3,59.9,1,87.7,8.4,-17
2025-11-16T21:24:04.412Z,113.9,0.77,87.3,59.9,1,87.7,8.4,-17
2025-11-16T21:24:04.666Z,113.9,0.77,87.3,60,1,87.7,8.4,-17
2025-11-16T21:24:04.899Z,113.8,0.77,87.3,59.9,1,87.6,7.6,-17
2025-11-16T21:24:05.189Z,113.8,0.77,87.3,59.9,1,87.6,7.6,-17
2025-11-16T21:24:05.498Z,113.8,0.77,87.3,59.9,1,87.6,7.6,-17
2025-11-16T21:24:05.804Z,113.8,0.77,87.3,59.9,1,87.6,7.6,-17
2025-11-16T21:24:06.112Z,113.8,0.77,87.3,59.9,1,87.6,7.6,-19
2025-11-16T21:24:06.121Z,113.5,0.77,86.9,59.9,1,87.4,9.3,-19
2025-11-16T21:24:06.417Z,113.5,0.77,86.9,59.9,1,87.4,9.3,-19
2025-11-16T21:24:06.728Z,113.5,0.77,86.9,59.9,1,87.4,9.3,-19
2025-11-16T21:24:07.036Z,113.5,0.77,86.9,59.9,1,87.4,9.3,-19
2025-11-16T21:24:07.082Z,113.5,0.77,86.9,60,1,87.4,9.3,-19
2025-11-16T21:24:07.314Z,113.5,0.77,87,59.9,1,87.4,8.3,-19
2025-11-16T21:24:07.651Z,113.5,0.77,87,59.9,1,87.4,8.3,-19
2025-11-16T21:24:07.798Z,113.5,0.77,87,59.9,1,87.4,8.3,-19
2025-11-16T21:24:08.032Z,113.5,0.77,87,59.9,1,87.4,8.3,-19
2025-11-16T21:24:08.267Z,113.5,0.77,87,60,1,87.4,8.3,-19
2025-11-16T21:24:08.515Z,113.4,0.77,86.9,60,1,87.3,8.5,-19
2025-11-16T21:24:08.881Z,113.4,0.77,86.9,59.9,1,87.3,8.5,-19
2025-11-16T21:24:09.011Z,113.4,0.77,86.9,60,1,87.3,8.5,-19
2025-11-16T21:24:09.229Z,113.4,0.77,86.9,59.9,1,87.3,8.5,-19
2025-11-16T21:24:09.488Z,113.4,0.77,86.9,59.9,1,87.3,8.5,-19
2025-11-16T21:24:09.710Z,113.4,0.77,86.9,60,1,87.3,8.5,-19
2025-11-16T21:24:09.949Z,113.3,0.77,86.8,60,1,87.2,8.8,-19
2025-11-16T21:24:10.193Z,113.3,0.77,86.8,60,1,87.2,8.8,-19
2025-11-16T21:24:10.443Z,113.3,0.77,86.8,59.9,1,87.2,8.8,-19
2025-11-16T21:24:10.673Z,113.3,0.77,86.8,59.9,1,87.2,8.8,-19
2025-11-16T21:24:10.913Z,113.3,0.77,86.8,60,1,87.2,8.8,-19
2025-11-16T21:24:11.153Z,113.4,0.77,86.8,59.9,1,87.3,9.5,-19
2025-11-16T21:24:11.395Z,113.4,0.77,86.8,59.9,1,87.3,9.5,-19
2025-11-16T21:24:11.636Z,113.4,0.77,86.8,59.9,1,87.3,9.5,-19
2025-11-16T21:24:11.953Z,113.4,0.77,86.8,59.9,1,87.3,9.5,-19
2025-11-16T21:24:12.255Z,113.4,0.77,86.8,60,1,87.3,9.5,-19
2025-11-16T21:24:12.562Z,113.4,0.77,86.8,60,1,87.3,9.5,-19
2025-11-16T21:24:30.403Z,113.1,0.77,86.5,60,1,87.1,10.1,-19
2025-11-16T21:24:30.687Z,113.1,0.77,86.5,60,1,87.1,10.1,-19
2025-11-16T21:24:30.994Z,113.1,0.77,86.5,59.9,1,87.1,10.1,-19
2025-11-16T21:24:31.310Z,113.1,0.77,86.5,59.9,1,87.1,10.1,-19
2025-11-16T21:24:31.610Z,113.1,0.77,86.5,59.9,1,87.1,10.1,-19
2025-11-16T21:24:31.620Z,113.1,0.77,86.5,60,1,87.1,10.1,-19
2025-11-16T21:24:31.850Z,114.7,0.77,88.3,59.9,1,88.3,1.8,-19
2025-11-16T21:24:32.229Z,114.7,0.77,88.3,59.9,1,88.3,1.8,-19
2025-11-16T21:24:32.328Z,114.7,0.77,88.3,60,1,88.3,1.8,-19
2025-11-16T21:24:32.575Z,114.7,0.77,88.3,59.9,1,88.3,1.8,-19
2025-11-16T21:24:32.808Z,114.7,0.77,88.3,59.9,1,88.3,1.8,-19
2025-11-16T21:24:34.372Z,120.1,0.79,94.7,59.9,1,94.9,5.8,-19
2025-11-16T21:24:34.489Z,120.1,0.79,94.7,59.9,1,94.9,5.8,-19
2025-11-16T21:24:34.730Z,120.1,0.79,94.7,59.9,1,94.9,5.8,-19
2025-11-16T21:24:34.988Z,120.1,0.79,94.7,59.9,1,94.9,5.8,-19
2025-11-16T21:24:35.212Z,120.1,0.79,94.7,59.9,1,94.9,5.8,-19
2025-11-16T21:24:35.451Z,120.3,0.79,94.9,60,1,95,5.1,-19
2025-11-16T21:24:35.695Z,120.3,0.79,94.9,60,1,95,5.1,-19
2025-11-16T21:24:35.935Z,120.3,0.79,94.9,59.9,1,95,5.1,-19
2025-11-16T21:24:36.183Z,120.3,0.79,94.9,60,1,95,5.1,-19
2025-11-16T21:24:36.439Z,120.3,0.79,94.9,59.9,1,95,5.1,-19
2025-11-16T21:24:36.664Z,120.2,0.79,94.8,59.9,1,95,5.5,-19
2025-11-16T21:24:36.911Z,120.2,0.79,94.8,59.9,1,95,5.5,-19
2025-11-16T21:24:37.154Z,120.2,0.79,94.8,60,1,95,5.5,-19
2025-11-16T21:24:37.447Z,120.2,0.79,94.8,59.9,1,95,5.5,-19
2025-11-16T21:24:37.754Z,120.2,0.79,94.8,59.9,1,95,5.5,-19
2025-11-16T21:24:38.065Z,120.2,0.79,94.8,60,1,95,5.5,-19
2025-11-16T21:24:38.370Z,120.1,0.79,94.7,59.9,1,94.9,5.8,-19
2025-11-16T21:24:38.378Z,120.1,0.79,94.7,59.9,1,94.9,5.8,-19
2025-11-16T21:24:38.605Z,120.1,0.79,94.7,59.9,1,94.9,5.8,-19
2025-11-16T21:24:38.828Z,120.1,0.79,94.7,60,1,94.9,5.8,-19
2025-11-16T21:24:39.073Z,120.1,0.79,94.7,59.9,1,94.9,5.8,-19
2025-11-16T21:24:39.311Z,120,0.79,94.6,59.9,1,94.8,6.2,-19
2025-11-16T21:24:39.603Z,120,0.79,94.6,60,1,94.8,6.2,-19
2025-11-16T21:24:39.903Z,120,0.79,94.6,59.9,1,94.8,6.2,-19
2025-11-16T21:24:40.209Z,120,0.79,94.6,59.9,1,94.8,6.2,-19
2025-11-16T21:24:40.274Z,120,0.79,94.6,59.9,1,94.8,6.2,-18
2025-11-16T21:24:40.516Z,120,0.79,94.6,59.9,1,94.8,6.2,-18
2025-11-16T21:24:40.824Z,120,0.79,94.6,60,1,94.8,6.2,-18
2025-11-16T21:24:41.133Z,120,0.79,94.6,60,1,94.8,6.2,-19
2025-11-16T21:24:41.442Z,120,0.79,94.6,59.9,1,94.8,6.2,-19
2025-11-16T21:24:41.487Z,120,0.79,94.6,60,1,94.8,6.2,-19
2025-11-16T21:24:41.714Z,120,0.79,94.6,59.9,1,94.8,6.2,-19
2025-11-16T21:24:41.951Z,119.4,0.79,93.8,60,1,94.3,9.9,-19
2025-11-16T21:24:42.204Z,119.4,0.79,93.8,59.9,1,94.3,9.9,-19
2025-11-16T21:24:42.433Z,119.4,0.79,93.8,60,1,94.3,9.9,-19
2025-11-16T21:24:42.685Z,119.4,0.79,93.8,60,1,94.3,9.9,-19
2025-11-16T21:24:42.921Z,119.4,0.79,93.8,59.9,1,94.3,9.9,-19
2025-11-16T21:24:43.281Z,119.4,0.79,93.8,59.9,1,94.3,9.9,-19
2025-11-16T21:24:45.806Z,117.6,0.78,91.7,60,1,91.7,2.3,-19
2025-11-16T21:24:46.049Z,117.6,0.78,91.7,59.9,1,91.7,2.3,-19
2025-11-16T21:24:46.363Z,117.6,0.78,91.7,59.9,1,91.7,2.3,-19
2025-11-16T21:24:46.664Z,117.6,0.78,91.7,59.9,1,91.7,2.3,-19
2025-11-16T21:24:46.765Z,117.6,0.78,91.7,59.9,1,91.7,2.3,-19
2025-11-16T21:24:49.648Z,119.3,0.79,93.7,59.9,1,94.2,10.1,-17
2025-11-16T21:24:49.888Z,119.3,0.79,93.7,59.9,1,94.2,10.1,-17
2025-11-16T21:24:50.131Z,119.3,0.79,93.7,59.9,1,94.2,10.1,-17
2025-11-16T21:24:50.375Z,119.3,0.79,93.7,60,1,94.2,10.1,-17
2025-11-16T21:24:50.613Z,119.3,0.79,93.7,60,1,94.2,10.1,-17
2025-11-16T21:24:50.961Z,118.9,0.79,93.3,59.9,1,93.9,10.9,-17
2025-11-16T21:24:51.269Z,118.9,0.79,93.3,59.9,1,93.9,10.9,-17
2025-11-16T21:24:51.339Z,118.9,0.79,93.3,60,1,93.9,10.9,-17
2025-11-16T21:24:51.591Z,118.9,0.79,93.3,60,1,93.9,10.9,-17
2025-11-16T21:24:51.893Z,118.9,0.79,93.3,60,1,93.9,10.9,-17
2025-11-16T21:24:52.077Z,118.9,0.79,93.3,60,1,93.9,10.9,-17
2025-11-16T21:24:52.313Z,118.9,0.79,93.3,60,1,93.9,10.9,-18
2025-11-16T21:24:52.550Z,118.9,0.79,93.3,60,1,93.9,10.9,-18
2025-11-16T21:24:52.793Z,118.9,0.79,93.3,60,1,93.9,10.9,-18
2025-11-16T21:24:53.023Z,118.9,0.79,93.3,60,1,93.9,10.9,-18
2025-11-16T21:24:53.269Z,118.9,0.79,93.5,60,1,93.9,9,-18
2025-11-16T21:24:53.507Z,119.1,0.79,93.5,60,1,94.1,10.5,-17
2025-11-16T21:24:53.750Z,119.1,0.79,93.5,60,1,94.1,10.5,-17
2025-11-16T21:24:53.990Z,119.1,0.79,93.5,60,1,94.1,10.5,-18
2025-11-16T21:24:54.343Z,119.1,0.79,93.5,60,1,94.1,10.5,-18
2025-11-16T21:24:54.649Z,119.1,0.79,93.5,60,1,94.1,10.5,-18
2025-11-16T21:24:54.707Z,119.1,0.79,93.5,60,1,94.1,10.5,-18
2025-11-16T21:24:54.947Z,119.1,0.79,93.5,60,1,94.1,10.5,-18
2025-11-16T21:24:55.189Z,119.1,0.79,93.5,60,1,94.1,10.5,-18
2025-11-16T21:24:55.432Z,119.1,0.79,93.5,60,1,94.1,10.5,-18
2025-11-16T21:24:55.671Z,119.1,0.79,93.5,60,1,94.1,10.5,-18
2025-11-16T21:24:55.914Z,119.2,0.79,93.6,60,1,94.2,10.3,-18
2025-11-16T21:24:56.150Z,119.2,0.79,93.6,60,1,94.2,10.3,-17
2025-11-16T21:24:56.390Z,119.2,0.79,93.6,60,1,94.2,10.3,-18
2025-11-16T21:24:56.632Z,119.2,0.79,93.6,60,1,94.2,10.3,-18
2025-11-16T21:24:56.871Z,119.2,0.79,93.6,60,1,94.2,10.3,-18
2025-11-16T21:24:57.115Z,119.2,0.79,93.6,60,1,94.2,10.3,-17
2025-11-16T21:24:57.413Z,118.9,0.79,93.3,60,1,93.9,10.9,-18
2025-11-16T21:24:57.596Z,118.9,0.79,93.3,60,1,93.9,10.9,-18
2025-11-16T21:24:57.833Z,118.9,0.79,93.3,60,1,93.9,10.9,-17
2025-11-16T21:24:58.079Z,118.9,0.79,93.3,60,1,93.9,10.9,-18
2025-11-16T21:24:58.343Z,118.9,0.79,93.3,60,1,93.9,10.9,-18
2025-11-16T21:24:58.644Z,118.8,0.79,93.2,60,1,93.9,11,-19
2025-11-16T21:24:58.798Z,118.8,0.79,93.2,60,1,93.9,11,-19
2025-11-16T21:24:59.047Z,118.8,0.79,93.2,60,1,93.9,11,-19
2025-11-16T21:24:59.276Z,118.8,0.79,93.2,60,1,93.9,11,-19
2025-11-16T21:24:59.519Z,118.8,0.79,93.2,60,1,93.9,11,-19
2025-11-16T21:24:59.876Z,118.8,0.79,93.2,60,1,93.9,11,-19
2025-11-16T21:25:10.317Z,117.3,0.78,91.3,59.9,1,91.5,6,-19
2025-11-16T21:25:10.368Z,117.3,0.78,91.3,60,1,91.5,6,-19
2025-11-16T21:25:10.588Z,117.3,0.78,91.3,60,1,91.5,6,-19
2025-11-16T21:25:10.830Z,117.3,0.78,91.3,59.9,1,91.5,6,-19
2025-11-16T21:25:11.098Z,117.3,0.78,91.3,59.9,1,91.5,6,-19
2025-11-16T21:25:11.312Z,117.4,0.78,91.5,59.9,1,91.6,3.6,-19
2025-11-16T21:25:11.553Z,117.4,0.78,91.5,60,1,91.6,3.6,-18
2025-11-16T21:25:11.859Z,117.4,0.78,91.5,60,1,91.6,3.6,-19
2025-11-16T21:25:12.162Z,117.4,0.78,91.5,59.9,1,91.6,3.6,-19
2025-11-16T21:25:12.466Z,117.4,0.78,91.5,59.9,1,91.6,3.6,-19
2025-11-16T21:25:12.774Z,117.4,0.78,91.5,60,1,91.6,3.6,-18
2025-11-16T21:25:34.422Z,117.4,0.78,91.4,59.9,1,91.6,5.6,-20
2025-11-16T21:25:34.657Z,117.4,0.78,91.4,59.9,1,91.6,5.6,-19
2025-11-16T21:25:34.907Z,117.4,0.78,91.4,60,1,91.6,5.6,-20
2025-11-16T21:25:35.200Z,117.4,0.78,91.4,60,1,91.6,5.6,-20
2025-11-16T21:25:35.542Z,117.4,0.78,91.4,59.9,1,91.6,5.6,-19
2025-11-16T21:25:35.815Z,117.3,0.78,91.3,59.9,1,91.5,6,-19
2025-11-16T21:25:36.125Z,117.3,0.78,91.3,59.9,1,91.5,6,-19
2025-11-16T21:25:36.137Z,117.3,0.78,91.3,59.9,1,91.5,6,-19
2025-11-16T21:25:36.431Z,117.3,0.78,91.3,59.9,1,91.5,6,-19
2025-11-16T21:25:36.600Z,117.3,0.78,91.3,59.9,1,91.5,6,-19
2025-11-16T21:25:39.474Z,119.2,0.79,93.4,59.9,1,94.2,12,-19
2025-11-16T21:25:39.716Z,119.2,0.79,93.4,59.9,1,94.2,12,-19
2025-11-16T21:25:39.959Z,119.2,0.79,93.4,59.9,1,94.2,12,-19
2025-11-16T21:25:40.199Z,119.2,0.79,93.4,59.9,1,94.2,12,-19
2025-11-16T21:25:40.437Z,119.2,0.79,93.4,60,1,94.2,12,-19
2025-11-16T21:25:43.325Z,119.1,0.79,93.5,59.9,1,94.1,10.5,-19
2025-11-16T21:25:43.564Z,119.1,0.79,93.5,59.9,1,94.1,10.5,-19
2025-11-16T21:25:43.808Z,119.1,0.79,93.5,59.9,1,94.1,10.5,-19
2025-11-16T21:25:44.110Z,119.1,0.79,93.5,59.9,1,94.1,10.5,-19
2025-11-16T21:25:44.287Z,119.1,0.79,93.5,59.9,1,94.1,10.5,-19
2025-11-16T21:25:44.529Z,119.1,0.79,93.5,59.9,1,94.1,10.5,-19
2025-11-16T21:25:44.770Z,119.9,0.79,94.4,60,1,94.7,7.8,-19
2025-11-16T21:25:45.007Z,119.9,0.79,94.4,60,1,94.7,7.8,-19
2025-11-16T21:25:45.249Z,119.9,0.79,94.4,59.9,1,94.7,7.8,-19
2025-11-16T21:25:45.494Z,119.9,0.79,94.4,59.9,1,94.7,7.8,-19
2025-11-16T21:25:45.730Z,119.9,0.79,94.4,59.9,1,94.7,7.8,-19
2025-11-16T21:25:45.969Z,120.1,0.79,94.6,59.9,1,94.9,7.3,-19
2025-11-16T21:25:46.208Z,120.1,0.79,94.6,60,1,94.9,7.3,-19
2025-11-16T21:25:46.452Z,120.1,0.79,94.6,60,1,94.9,7.3,-19
2025-11-16T21:25:46.692Z,120.1,0.79,94.6,59.9,1,94.9,7.3,-19
2025-11-16T21:25:46.934Z,120.1,0.79,94.6,59.9,1,94.9,7.3,-19
2025-11-16T21:25:47.172Z,120,0.79,94.4,59.9,1,94.8,8.7,-19
2025-11-16T21:25:47.489Z,120,0.79,94.4,59.9,1,94.8,8.7,-19
2025-11-16T21:25:47.654Z,120,0.79,94.4,59.9,1,94.8,8.7,-19
2025-11-16T21:25:47.899Z,120,0.79,94.4,59.9,1,94.8,8.7,-19
2025-11-16T21:25:48.134Z,120,0.79,94.4,59.9,1,94.8,8.7,-19
2025-11-16T21:25:48.412Z,120,0.79,94.4,59.9,1,94.8,8.7,-19
2025-11-16T21:25:48.714Z,119.8,0.79,94.3,59.9,1,94.6,8,-19
2025-11-16T21:25:48.853Z,119.8,0.79,94.3,59.9,1,94.6,8,-19
2025-11-16T21:25:49.097Z,119.8,0.79,94.3,59.9,1,94.6,8,-19
2025-11-16T21:25:49.335Z,119.8,0.79,94.3,59.9,1,94.6,8,-19
2025-11-16T21:25:49.638Z,119.8,0.79,94.3,60,1,94.6,8,-19
2025-11-16T21:25:51.033Z,119.2,0.79,93.6,59.9,1,94.2,10.3,-19
2025-11-16T21:25:51.266Z,119.2,0.79,93.6,59.9,1,94.2,10.3,-19
2025-11-16T21:25:51.511Z,119.2,0.79,93.6,59.9,1,94.2,10.3,-19
2025-11-16T21:25:51.758Z,119.2,0.79,93.6,59.9,1,94.2,10.3,-19
2025-11-16T21:25:52.095Z,119.2,0.79,93.6,59.9,1,94.2,10.3,-19
2025-11-16T21:25:52.230Z,119.3,0.79,93.7,59.9,1,94.2,10.1,-19
2025-11-16T21:25:52.470Z,119.3,0.79,93.7,60,1,94.2,10.1,-19
2025-11-16T21:25:52.709Z,119.3,0.79,93.7,59.9,1,94.2,10.1,-19
2025-11-16T21:25:53.015Z,119.3,0.79,93.7,59.9,1,94.2,10.1,-19
2025-11-16T21:25:53.192Z,119.3,0.79,93.7,60,1,94.2,10.1,-19
2025-11-16T21:25:53.432Z,119.4,0.79,93.8,60,1,94.3,9.9,-19
2025-11-16T21:25:53.676Z,119.4,0.79,93.8,59.9,1,94.3,9.9,-19
2025-11-16T21:25:53.940Z,119.4,0.79,93.8,59.9,1,94.3,9.9,-19
2025-11-16T21:25:54.248Z,119.4,0.79,93.8,59.9,1,94.3,9.9,-19
2025-11-16T21:25:54.560Z,119.4,0.79,93.8,60,1,94.3,9.9,-19
2025-11-16T21:25:54.667Z,119.4,0.79,93.8,60,1,94.3,9.9,-19
2025-11-16T21:25:54.875Z,119.4,0.79,93.7,59.9,1,94.3,10.8,-19
2025-11-16T21:25:55.112Z,119.4,0.79,93.7,59.9,1,94.3,10.8,-19
2025-11-16T21:25:55.365Z,119.4,0.79,93.7,60,1,94.3,10.8,-19
2025-11-16T21:25:55.593Z,119.4,0.79,93.7,60,1,94.3,10.8,-19
2025-11-16T21:25:55.837Z,119.4,0.79,93.7,60,1,94.3,10.8,-19
2025-11-16T21:25:56.093Z,119.5,0.79,93.8,59.9,1,94.4,10.7,-19
2025-11-16T21:25:56.322Z,119.5,0.79,93.8,59.9,1,94.4,10.7,-19
2025-11-16T21:25:56.555Z,119.5,0.79,93.8,60,1,94.4,10.7,-19
2025-11-16T21:25:56.806Z,119.5,0.79,93.8,60,1,94.4,10.7,-19
2025-11-16T21:25:57.045Z,119.5,0.79,93.8,60,1,94.4,10.7,-19
2025-11-16T21:25:57.328Z,119.6,0.79,93.9,59.9,1,94.5,10.5,-19
2025-11-16T21:25:57.627Z,119.6,0.79,93.9,59.9,1,94.5,10.5,-19
2025-11-16T21:25:57.940Z,119.6,0.79,93.9,59.9,1,94.5,10.5,-19
2025-11-16T21:25:58.012Z,119.6,0.79,93.9,59.9,1,94.5,10.5,-19
2025-11-16T21:25:58.260Z,119.6,0.79,93.9,60,1,94.5,10.5,-19
2025-11-16T21:25:58.546Z,119.6,0.79,93.9,60,1,94.5,10.5,-19
2025-11-16T21:26:02.579Z,120,0.79,94.4,60,1,94.8,8.7,-19
2025-11-16T21:26:02.815Z,120,0.79,94.4,60,1,94.8,8.7,-19
2025-11-16T21:26:03.155Z,120,0.79,94.4,60,1,94.8,8.7,-19
2025-11-16T21:26:03.297Z,120,0.79,94.4,60,1,94.8,8.7,-19
2025-11-16T21:26:03.538Z,120,0.79,94.4,60,1,94.8,8.7,-19
2025-11-16T21:26:05.303Z,117.7,0.78,91.5,60,1,91.8,7.5,-19
2025-11-16T21:26:05.612Z,117.7,0.78,91.5,60,1,91.8,7.5,-19
2025-11-16T21:26:05.917Z,117.7,0.78,91.5,60,1,91.8,7.5,-19
2025-11-16T21:26:05.966Z,117.7,0.78,91.5,60,1,91.8,7.5,-19
2025-11-16T21:26:06.225Z,117.7,0.78,91.5,60,1,91.8,7.5,-19
2025-11-16T21:26:20.404Z,117.5,0.78,91.6,60,1,91.6,3,-19
2025-11-16T21:26:20.633Z,117.5,0.78,91.6,60,1,91.6,3,-19
2025-11-16T21:26:20.975Z,117.5,0.78,91.6,60,1,91.6,3,-19
2025-11-16T21:26:21.115Z,117.5,0.78,91.6,59.9,1,91.6,3,-19
2025-11-16T21:26:21.357Z,117.5,0.78,91.6,59.9,1,91.6,3,-19
2025-11-16T21:26:21.597Z,117.5,0.78,91.6,60,1,91.6,3,-18
2025-11-16T21:26:21.896Z,117.5,0.78,91.5,60,1,91.6,5.2,-18
2025-11-16T21:26:22.201Z,117.5,0.78,91.5,60,1,91.6,5.2,-18
2025-11-16T21:26:22.324Z,117.5,0.78,91.5,60,1,91.6,5.2,-18
2025-11-16T21:26:22.560Z,117.5,0.78,91.5,59.9,1,91.6,5.2,-18
2025-11-16T21:26:22.798Z,117.5,0.78,91.5,60,1,91.6,5.2,-18
2025-11-16T21:26:24.241Z,116.4,0.78,90.3,60,1,90.8,9.4,-17
2025-11-16T21:26:24.489Z,116.4,0.78,90.3,60,1,90.8,9.4,-17
2025-11-16T21:26:24.727Z,116.4,0.78,90.3,60,1,90.8,9.4,-17
2025-11-16T21:26:24.972Z,116.4,0.78,90.3,60,1,90.8,9.4,-17
2025-11-16T21:26:25.221Z,116.4,0.78,90.3,60,1,90.8,9.4,-17
2025-11-16T21:26:25.453Z,117.3,0.78,91.3,60,1,91.5,6,-17
2025-11-16T21:26:25.706Z,117.3,0.78,91.3,60,1,91.5,6,-17
2025-11-16T21:26:25.939Z,117.3,0.78,91.3,60,1,91.5,6,-17
2025-11-16T21:26:26.177Z,117.3,0.78,91.3,60,1,91.5,6,-17
2025-11-16T21:26:26.505Z,117.3,0.78,91.3,60,1,91.5,6,-17
2025-11-16T21:26:26.809Z,117.3,0.78,91.3,60,1,91.5,6,-17
2025-11-16T21:26:27.117Z,117.4,0.78,91.4,60,1,91.6,5.6,-17
2025-11-16T21:26:27.167Z,117.4,0.78,91.4,60,1,91.6,5.6,-17
2025-11-16T21:26:27.374Z,117.4,0.78,91.4,60,1,91.6,5.6,-17
2025-11-16T21:26:27.729Z,117.4,0.78,91.4,60,1,91.6,5.6,-17
2025-11-16T21:26:28.039Z,117.4,0.78,91.4,60,1,91.6,5.6,-17
2025-11-16T21:26:28.347Z,117.2,0.78,91.2,60,1,91.4,6.3,-17
2025-11-16T21:26:28.354Z,117.2,0.78,91.2,60,1,91.4,6.3,-17
2025-11-16T21:26:28.665Z,117.2,0.78,91.2,60,1,91.4,6.3,-17
2025-11-16T21:26:28.818Z,117.2,0.78,91.2,60,1,91.4,6.3,-17
2025-11-16T21:26:29.070Z,117.2,0.78,91.2,60,1,91.4,6.3,-17
2025-11-16T21:26:29.298Z,117.2,0.78,91.2,60,1,91.4,6.3,-17
2025-11-16T21:26:29.583Z,117.1,0.78,91.1,60,1,91.3,6.6,-17
2025-11-16T21:26:29.782Z,117.1,0.78,91.1,60,1,91.3,6.6,-17
2025-11-16T21:26:30.021Z,117.1,0.78,91.1,60,1,91.3,6.6,-17
2025-11-16T21:26:30.264Z,117.1,0.78,91.1,60,1,91.3,6.6,-17
2025-11-16T21:26:30.499Z,117.1,0.78,91.1,60,1,91.3,6.6,-17
2025-11-16T21:26:30.752Z,117.2,0.78,91.2,60,1,91.4,6.3,-17
2025-11-16T21:26:30.988Z,117.2,0.78,91.2,60,1,91.4,6.3,-17
2025-11-16T21:26:31.232Z,117.2,0.78,91.2,60,1,91.4,6.3,-17
2025-11-16T21:26:31.475Z,117.2,0.78,91.2,60,1,91.4,6.3,-17
2025-11-16T21:26:31.701Z,117.2,0.78,91.2,60,1,91.4,6.3,-17
2025-11-16T21:26:32.050Z,117.2,0.78,90.7,60,0.99,91.4,11.4,-17
2025-11-16T21:26:32.196Z,116.8,0.78,90.7,60,1,91.1,8.6,-17
2025-11-16T21:26:32.451Z,116.8,0.78,90.7,60,1,91.1,8.6,-17
2025-11-16T21:26:32.676Z,116.8,0.78,90.7,60,1,91.1,8.6,-17
2025-11-16T21:26:32.914Z,116.8,0.78,90.7,60,1,91.1,8.6,-17
2025-11-16T21:26:33.168Z,116.8,0.78,90.7,60,1,91.1,8.6,-17
2025-11-16T21:26:33.410Z,117,0.78,90.9,60,1,91.3,8.1,-17
2025-11-16T21:26:33.660Z,117,0.78,90.9,60,1,91.3,8.1,-17
2025-11-16T21:26:33.877Z,117,0.78,90.9,60,1,91.3,8.1,-17
2025-11-16T21:26:34.195Z,117,0.78,90.9,60,1,91.3,8.1,-21
2025-11-16T21:26:34.490Z,117,0.78,90.9,60,1,91.3,8.1,-19
2025-11-16T21:26:34.597Z,116.8,0.78,90.8,60,1,91.1,7.4,-19
2025-11-16T21:26:34.842Z,116.8,0.78,90.8,60,1,91.1,7.4,-20
2025-11-16T21:26:35.104Z,116.8,0.78,90.8,60,1,91.1,7.4,-19
2025-11-16T21:26:35.411Z,116.8,0.78,90.8,60,1,91.1,7.4,-19
2025-11-16T21:26:35.565Z,116.8,0.78,90.8,60,1,91.1,7.4,-19
2025-11-16T21:26:35.811Z,116.9,0.78,90.9,60,1,91.2,7.2,-19
2025-11-16T21:26:36.047Z,116.9,0.78,90.9,60,1,91.2,7.2,-19
2025-11-16T21:26:36.330Z,116.9,0.78,90.9,60,1,91.2,7.2,-19
2025-11-16T21:26:36.536Z,116.9,0.78,90.9,60,1,91.2,7.2,-19
2025-11-16T21:26:36.760Z,116.9,0.78,90.9,60,1,91.2,7.2,-19
2025-11-16T21:26:37.007Z,116.9,0.78,90.9,60,1,91.2,7.2,-19
2025-11-16T21:26:37.256Z,116.9,0.78,90.9,60,1,91.2,7.2,-19
2025-11-16T21:26:37.565Z,116.9,0.78,90.9,59.9,1,91.2,7.2,-19
2025-11-16T21:26:37.867Z,116.9,0.78,90.9,59.9,1,91.2,7.2,-19
2025-11-16T21:26:37.972Z,116.9,0.78,90.9,60,1,91.2,7.2,-19
2025-11-16T21:26:38.216Z,116.9,0.78,90.9,60,1,91.2,7.2,-19
2025-11-16T21:26:38.444Z,116.7,0.78,90.6,60,1,91,8.8,-19
2025-11-16T21:26:38.789Z,116.7,0.78,90.6,60,1,91,8.8,-19
2025-11-16T21:26:38.942Z,116.7,0.78,90.6,60,1,91,8.8,-19
2025-11-16T21:26:39.173Z,116.7,0.78,90.6,60,1,91,8.8,-19
2025-11-16T21:26:39.421Z,116.7,0.78,90.6,60,1,91,8.8,-19
2025-11-16T21:26:39.655Z,116.6,0.78,90.5,60,1,90.9,9,-19
2025-11-16T21:26:40.022Z,116.6,0.78,90.5,60,1,90.9,9,-19
2025-11-16T21:26:40.154Z,116.6,0.78,90.5,60,1,90.9,9,-19
2025-11-16T21:26:40.385Z,116.6,0.78,90.5,60,1,90.9,9,-19
2025-11-16T21:26:40.619Z,116.6,0.78,90.5,60,1,90.9,9,-19
2025-11-16T21:26:40.872Z,116.8,0.78,90.7,60,1,91.1,8.6,-19
2025-11-16T21:26:41.109Z,116.8,0.78,90.7,60,1,91.1,8.6,-19
2025-11-16T21:26:41.337Z,116.8,0.78,90.7,60,1,91.1,8.6,-19
2025-11-16T21:26:41.578Z,116.8,0.78,90.7,60,1,91.1,8.6,-19
2025-11-16T21:26:41.820Z,116.8,0.78,90.7,60,1,91.1,8.6,-18
2025-11-16T21:26:42.169Z,116.6,0.78,90.5,59.9,1,90.9,9,-18
2025-11-16T21:26:42.302Z,116.6,0.78,90.5,60,1,90.9,9,-18
2025-11-16T21:26:42.541Z,116.6,0.78,90.5,60,1,90.9,9,-18
2025-11-16T21:26:42.780Z,116.6,0.78,90.5,60,1,90.9,9,-19
2025-11-16T21:26:43.023Z,116.6,0.78,90.5,60,1,90.9,9,-19
2025-11-16T21:26:43.270Z,116.6,0.78,90.5,60,1,90.9,9,-19
2025-11-16T21:26:48.795Z,114.8,0.77,88.3,59.9,1,88.4,4.1,-18
2025-11-16T21:26:49.037Z,114.8,0.77,88.3,60,1,88.4,4.1,-18
2025-11-16T21:26:49.275Z,114.8,0.77,88.3,60,1,88.4,4.1,-18
2025-11-16T21:26:49.542Z,114.8,0.77,88.3,59.9,1,88.4,4.1,-18
2025-11-16T21:26:49.762Z,114.8,0.77,88.3,59.9,1,88.4,4.1,-18
2025-11-16T21:26:53.604Z,117.1,0.78,91,60,1,91.3,7.9,-19
2025-11-16T21:26:53.843Z,117.1,0.78,91,60,1,91.3,7.9,-19
2025-11-16T21:26:54.082Z,117.1,0.78,91,59.9,1,91.3,7.9,-19
2025-11-16T21:26:54.454Z,117.1,0.78,91,59.9,1,91.3,7.9,-19
2025-11-16T21:26:54.764Z,117.1,0.78,91,59.9,1,91.3,7.9,-19
2025-11-16T21:26:55.073Z,117.1,0.78,91,59.9,1,91.3,7.9,-19
2025-11-16T21:26:55.081Z,117.1,0.78,91,60,1,91.3,7.9,-19
2025-11-16T21:26:55.285Z,117.1,0.78,91,60,1,91.3,7.9,-19
2025-11-16T21:26:55.525Z,117.1,0.78,91,60,1,91.3,7.9,-19
2025-11-16T21:26:55.765Z,117.1,0.78,91,60,1,91.3,7.9,-18
2025-11-16T21:26:56.012Z,117.1,0.78,91,59.9,1,91.3,7.9,-19
2025-11-16T21:27:11.649Z,117.7,0.78,91.8,60,1,91.8,1,-19
2025-11-16T21:27:11.897Z,117.7,0.78,91.8,60,1,91.8,1,-18
2025-11-16T21:27:12.132Z,117.7,0.78,91.8,60,1,91.8,1,-18
2025-11-16T21:27:12.379Z,117.7,0.78,91.8,60,1,91.8,1,-18
2025-11-16T21:27:12.611Z,117.7,0.78,91.8,60,1,91.8,1,-19
2025-11-16T21:27:12.852Z,117.6,0.78,91.6,60,1,91.7,4.8,-19
2025-11-16T21:27:13.094Z,117.6,0.78,91.6,60,1,91.7,4.8,-19
2025-11-16T21:27:13.334Z,117.6,0.78,91.6,60,1,91.7,4.8,-19
2025-11-16T21:27:13.575Z,117.6,0.78,91.6,60,1,91.7,4.8,-19
2025-11-16T21:27:13.815Z,117.6,0.78,91.6,60,1,91.7,4.8,-19
2025-11-16T21:27:14.055Z,117.6,0.78,91.6,60,1,91.7,4.8,-19
2025-11-16T21:27:27.058Z,118.1,0.78,92.1,60,1,92.1,1.8,-19
2025-11-16T21:27:27.327Z,118.1,0.78,92.1,60,1,92.1,1.8,-19
2025-11-16T21:27:27.538Z,118.1,0.78,92.1,60,1,92.1,1.8,-19
2025-11-16T21:27:27.778Z,118.1,0.78,92.1,60,1,92.1,1.8,-19
2025-11-16T21:27:28.016Z,118.1,0.78,92.1,60,1,92.1,1.8,-19
2025-11-16T21:27:37.168Z,117.1,0.78,91.1,60,1,91.3,6.6,-19
2025-11-16T21:27:37.405Z,117.1,0.78,91.1,60,1,91.3,6.6,-19
2025-11-16T21:27:37.643Z,117.1,0.78,91.1,60,1,91.3,6.6,-19
2025-11-16T21:27:37.884Z,117.1,0.78,91.1,60,1,91.3,6.6,-19
2025-11-16T21:27:38.126Z,117.1,0.78,91.1,60,1,91.3,6.6,-19
2025-11-16T21:27:38.366Z,117.1,0.78,91.1,60,1,91.3,6.6,-19
2025-11-16T21:27:38.605Z,117.3,0.78,91.2,60,1,91.5,7.3,-19
2025-11-16T21:27:38.845Z,117.3,0.78,91.2,60,1,91.5,7.3,-19
2025-11-16T21:27:39.085Z,117.3,0.78,91.2,60,1,91.5,7.3,-19
2025-11-16T21:27:39.340Z,117.3,0.78,91.2,60,1,91.5,7.3,-19
2025-11-16T21:27:39.615Z,117.3,0.78,91.2,60,1,91.5,7.3,-19
2025-11-16T21:27:39.922Z,117.9,0.78,91.9,60,1,92,3.4,-19
2025-11-16T21:27:40.227Z,117.9,0.78,91.9,60,1,92,3.4,-19
2025-11-16T21:27:40.296Z,117.9,0.78,91.9,60,1,92,3.4,-19
2025-11-16T21:27:40.542Z,117.9,0.78,91.9,60,1,92,3.4,-19
2025-11-16T21:27:40.844Z,117.9,0.78,91.9,60,1,92,3.4,-19
2025-11-16T21:27:46.317Z,119.1,0.79,93.4,60,1,94.1,11.4,-19
2025-11-16T21:27:46.559Z,119.1,0.79,93.4,60,1,94.1,11.4,-19
2025-11-16T21:27:46.798Z,119.1,0.79,93.4,60,1,94.1,11.4,-19
2025-11-16T21:27:47.038Z,119.1,0.79,93.4,60,1,94.1,11.4,-19
2025-11-16T21:27:47.296Z,119.1,0.79,93.4,60,1,94.1,11.4,-19
2025-11-16T21:27:51.373Z,119,0.79,93.3,60,1,94,11.5,-19
2025-11-16T21:27:51.608Z,119,0.79,93.3,60,1,94,11.5,-19
2025-11-16T21:27:51.907Z,119,0.79,93.3,60,1,94,11.5,-19
2025-11-16T21:27:52.208Z,119,0.79,93.3,60,1,94,11.5,-19
2025-11-16T21:27:52.518Z,119,0.79,93.3,60,1,94,11.5,-19
2025-11-16T21:27:55.224Z,119.1,0.79,93.4,60,1,94.1,11.4,-19
2025-11-16T21:27:55.591Z,119.1,0.79,93.4,60,1,94.1,11.4,-19
2025-11-16T21:27:55.896Z,119.1,0.79,93.4,60,1,94.1,11.4,-19
2025-11-16T21:27:55.946Z,119.1,0.79,93.4,60,1,94.1,11.4,-19
2025-11-16T21:27:56.186Z,119.1,0.79,93.4,60,1,94.1,11.4,-19
2025-11-16T21:28:00.514Z,119.3,0.79,93.6,60,1,94.2,11,-19
2025-11-16T21:28:00.750Z,119.3,0.79,93.6,60,1,94.2,11,-19
2025-11-16T21:28:01.118Z,119.3,0.79,93.6,60,1,94.2,11,-19
2025-11-16T21:28:01.230Z,119.3,0.79,93.6,60,1,94.2,11,-19
2025-11-16T21:28:01.471Z,119.3,0.79,93.6,60,1,94.2,11,-19
2025-11-16T21:28:02.920Z,117.6,0.78,91.6,60,1,91.7,4.8,-19
2025-11-16T21:28:03.271Z,117.6,0.78,91.6,60,1,91.7,4.8,-19
2025-11-16T21:28:03.400Z,117.6,0.78,91.6,60,1,91.7,4.8,-19
2025-11-16T21:28:03.643Z,117.6,0.78,91.6,60,1,91.7,4.8,-19
2025-11-16T21:28:03.881Z,117.6,0.78,91.6,60,1,91.7,4.8,-19
2025-11-16T21:28:11.825Z,120,0.79,94.5,60,1,94.8,7.5,-19
2025-11-16T21:28:12.178Z,120,0.79,94.5,60,1,94.8,7.5,-19
2025-11-16T21:28:12.486Z,120,0.79,94.5,60,1,94.8,7.5,-19
2025-11-16T21:28:12.543Z,120,0.79,94.5,60,1,94.8,7.5,-19
2025-11-16T21:28:12.784Z,120,0.79,94.5,60,1,94.8,7.5,-19
2025-11-16T21:28:13.099Z,120.2,0.79,94.7,60,1,95,7,-19
2025-11-16T21:28:13.265Z,120.2,0.79,94.7,60,1,95,7,-19
2025-11-16T21:28:13.505Z,120.2,0.79,94.7,60,1,95,7,-19
2025-11-16T21:28:13.747Z,120.2,0.79,94.7,60,1,95,7,-19
2025-11-16T21:28:13.992Z,120.2,0.79,94.7,60,1,95,7,-19
2025-11-16T21:28:14.226Z,120.2,0.79,94.7,60,1,95,7,-19
2025-11-16T21:28:14.470Z,120.1,0.79,94.6,59.9,1,94.9,7.3,-19
2025-11-16T21:28:14.713Z,120.1,0.79,94.6,59.9,1,94.9,7.3,-19
2025-11-16T21:28:14.948Z,120.1,0.79,94.6,59.9,1,94.9,7.3,-19
2025-11-16T21:28:15.189Z,120.1,0.79,94.6,60,1,94.9,7.3,-19
2025-11-16T21:28:15.429Z,120.1,0.79,94.6,60,1,94.9,7.3,-18
2025-11-16T21:28:15.693Z,120.3,0.79,94.8,60,1,95,6.7,-18
2025-11-16T21:28:15.911Z,120.3,0.79,94.8,60,1,95,6.7,-18
2025-11-16T21:28:16.152Z,120.3,0.79,94.8,60,1,95,6.7,-19
2025-11-16T21:28:16.396Z,120.3,0.79,94.8,59.9,1,95,6.7,-19
2025-11-16T21:28:16.629Z,120.3,0.79,94.8,59.9,1,95,6.7,-19
2025-11-16T21:28:16.880Z,120.3,0.79,94.8,60,1,95,6.7,-19
2025-11-16T21:28:17.123Z,120.2,0.79,94.7,60,1,95,7,-19
2025-11-16T21:28:17.399Z,120.2,0.79,94.7,60,1,95,7,-19
2025-11-16T21:28:17.615Z,120.2,0.79,94.7,60,1,95,7,-19
2025-11-16T21:28:17.850Z,120.2,0.79,94.7,59.9,1,95,7,-19
2025-11-16T21:28:18.078Z,120.2,0.79,94.7,60,1,95,7,-19
2025-11-16T21:28:18.334Z,120.2,0.79,94.7,60,1,95,7,-19
2025-11-16T21:28:18.628Z,120.2,0.79,94.7,60,1,95,7,-19
2025-11-16T21:28:18.936Z,120.2,0.79,94.7,60,1,95,7,-19
2025-11-16T21:28:19.043Z,120.2,0.79,94.7,60,1,95,7,-19
2025-11-16T21:28:19.279Z,120.2,0.79,94.7,60,1,95,7,-19
2025-11-16T21:28:19.529Z,120.2,0.79,94.7,60,1,95,7,-19
2025-11-16T21:28:19.858Z,120.2,0.79,94.7,60,1,95,7,-19
2025-11-16T21:28:20.165Z,120.2,0.79,94.7,60,1,95,7,-19
2025-11-16T21:28:20.474Z,120.2,0.79,94.7,60,1,95,7,-19
2025-11-16T21:28:20.781Z,120.2,0.79,94.7,59.9,1,95,7,-19
2025-11-16T21:28:20.794Z,120.3,0.79,94.9,59.9,1,95,5.1,-19
2025-11-16T21:28:20.962Z,120.3,0.79,94.9,60,1,95,5.1,-19
2025-11-16T21:28:21.206Z,120.3,0.79,94.9,60,1,95,5.1,-19
2025-11-16T21:28:21.451Z,120.3,0.79,94.9,60,1,95,5.1,-19
2025-11-16T21:28:21.689Z,120.3,0.79,94.9,60,1,95,5.1,-19
2025-11-16T21:28:22.010Z,120.3,0.79,94.9,60,1,95,5.1,-19
2025-11-16T21:28:22.169Z,120.4,0.79,94.9,60,1,95.1,6.4,-19
2025-11-16T21:28:22.418Z,120.4,0.79,94.9,60,1,95.1,6.4,-19
2025-11-16T21:28:22.654Z,120.4,0.79,94.9,60,1,95.1,6.4,-19
2025-11-16T21:28:22.890Z,120.4,0.79,94.9,60,1,95.1,6.4,-19
2025-11-16T21:28:23.246Z,120.4,0.79,94.9,60,1,95.1,6.4,-19
2025-11-16T21:28:23.545Z,120.3,0.79,94.8,60,1,95,6.7,-19
2025-11-16T21:28:23.856Z,120.3,0.79,94.8,60,1,95,6.7,-19
2025-11-16T21:28:23.869Z,120.3,0.79,94.8,60,1,95,6.7,-19
2025-11-16T21:28:24.160Z,120.3,0.79,94.8,60,1,95,6.7,-19
2025-11-16T21:28:24.327Z,120.3,0.79,94.8,60,1,95,6.7,-19
2025-11-16T21:28:24.574Z,120.6,0.79,95.1,60,1,95.3,5.8,-19
2025-11-16T21:28:24.814Z,120.6,0.79,95.1,60,1,95.3,5.8,-19
2025-11-16T21:28:25.070Z,120.6,0.79,95.1,60,1,95.3,5.8,-19
2025-11-16T21:28:25.386Z,120.6,0.79,95.1,60,1,95.3,5.8,-19
2025-11-16T21:28:25.542Z,120.6,0.79,95.1,60,1,95.3,5.8,-19
2025-11-16T21:28:25.774Z,119.1,0.79,93.4,60,1,94.1,11.4,-19
2025-11-16T21:28:26.016Z,119.1,0.79,93.4,60,1,94.1,11.4,-19
2025-11-16T21:28:26.309Z,119.1,0.79,93.4,60,1,94.1,11.4,-19
2025-11-16T21:28:26.497Z,119.1,0.79,93.4,60,1,94.1,11.4,-19
2025-11-16T21:28:26.740Z,119.1,0.79,93.4,60,1,94.1,11.4,-19
2025-11-16T21:28:26.976Z,119.1,0.79,93.4,60,1,94.1,11.4,-19
2025-11-16T21:28:27.229Z,119.1,0.79,93.4,60,1,94.1,11.4,-19
2025-11-16T21:28:27.764Z,119.1,0.79,93.4,60,1,94.1,11.4,-19
2025-11-16T21:28:27.774Z,119.1,0.79,93.4,60,1,94.1,11.4,-19
2025-11-16T21:28:27.946Z,119.1,0.79,93.4,60,1,94.1,11.4,-19
2025-11-16T21:28:28.180Z,119.1,0.79,93.4,60,1,94.1,11.4,-19
2025-11-16T21:28:28.420Z,120.7,0.79,95.2,60,1,95.4,5.4,-19
2025-11-16T21:28:28.766Z,120.7,0.79,95.2,60,1,95.4,5.4,-19
2025-11-16T21:28:28.900Z,120.7,0.79,95.2,60,1,95.4,5.4,-19
2025-11-16T21:28:29.144Z,120.7,0.79,95.2,60,1,95.4,5.4,-17
2025-11-16T21:28:29.381Z,120.7,0.79,95.2,60,1,95.4,5.4,-17
2025-11-16T21:28:29.688Z,120.7,0.79,95.2,60,1,95.4,5.4,-17
2025-11-16T21:28:29.861Z,120.8,0.79,95.4,60,1,95.4,2.5,-18
2025-11-16T21:28:30.102Z,120.8,0.79,95.4,60,1,95.4,2.5,-18
2025-11-16T21:28:30.346Z,120.8,0.79,95.4,60,1,95.4,2.5,-18
2025-11-16T21:28:30.613Z,120.8,0.79,95.4,60,1,95.4,2.5,-18
2025-11-16T21:28:30.827Z,120.8,0.79,95.4,60,1,95.4,2.5,-18
2025-11-16T21:28:31.066Z,120.7,0.79,95.3,60,1,95.4,3.2,-19
2025-11-16T21:28:31.304Z,120.7,0.79,95.3,60,1,95.4,3.2,-19
2025-11-16T21:28:31.545Z,120.7,0.79,95.3,60,1,95.4,3.2,-19
2025-11-16T21:28:31.842Z,120.7,0.79,95.3,60,1,95.4,3.2,-20
2025-11-16T21:28:32.147Z,120.7,0.79,95.3,60,1,95.4,3.2,-19
2025-11-16T21:28:32.266Z,120.7,0.79,95.3,60,1,95.4,3.2,-19
2025-11-16T21:28:32.517Z,120.7,0.79,95.3,60,1,95.4,3.2,-19
2025-11-16T21:28:32.757Z,120.7,0.79,95.3,60,1,95.4,3.2,-19
2025-11-16T21:28:33.074Z,120.7,0.79,95.3,60,1,95.4,3.2,-19
2025-11-16T21:28:33.376Z,120.7,0.79,95.3,60,1,95.4,3.2,-19
2025-11-16T21:28:33.683Z,120.7,0.79,95.3,60,1,95.4,3.2,-19
2025-11-16T21:28:33.730Z,120.8,0.79,95.4,60,1,95.4,2.5,-19